-- phpMyAdmin SQL Dump
-- version 4.8.4
-- https://www.phpmyadmin.net/
--
-- Host: 127.0.0.1
-- Generation Time: Sep 25, 2019 at 05:49 AM
-- Server version: 10.1.37-MariaDB
-- PHP Version: 7.3.0

SET SQL_MODE = "NO_AUTO_VALUE_ON_ZERO";
SET AUTOCOMMIT = 0;
START TRANSACTION;
SET time_zone = "+00:00";


/*!40101 SET @OLD_CHARACTER_SET_CLIENT=@@CHARACTER_SET_CLIENT */;
/*!40101 SET @OLD_CHARACTER_SET_RESULTS=@@CHARACTER_SET_RESULTS */;
/*!40101 SET @OLD_COLLATION_CONNECTION=@@COLLATION_CONNECTION */;
/*!40101 SET NAMES utf8mb4 */;

--
-- Database: `eapi`
--

-- --------------------------------------------------------

--
-- Table structure for table `migrations`
--

CREATE TABLE `migrations` (
  `id` int(10) UNSIGNED NOT NULL,
  `migration` varchar(191) COLLATE utf8mb4_unicode_ci NOT NULL,
  `batch` int(11) NOT NULL
) ENGINE=InnoDB DEFAULT CHARSET=utf8mb4 COLLATE=utf8mb4_unicode_ci;

--
-- Dumping data for table `migrations`
--

INSERT INTO `migrations` (`id`, `migration`, `batch`) VALUES
(7, '2014_10_12_000000_create_users_table', 1),
(8, '2014_10_12_100000_create_password_resets_table', 1),
(9, '2019_09_24_154619_create_products_table', 1),
(10, '2019_09_25_024831_create_reviews_table', 1);

-- --------------------------------------------------------

--
-- Table structure for table `password_resets`
--

CREATE TABLE `password_resets` (
  `email` varchar(191) COLLATE utf8mb4_unicode_ci NOT NULL,
  `token` varchar(191) COLLATE utf8mb4_unicode_ci NOT NULL,
  `created_at` timestamp NULL DEFAULT NULL
) ENGINE=InnoDB DEFAULT CHARSET=utf8mb4 COLLATE=utf8mb4_unicode_ci;

-- --------------------------------------------------------

--
-- Table structure for table `products`
--

CREATE TABLE `products` (
  `id` bigint(20) UNSIGNED NOT NULL,
  `name` varchar(191) COLLATE utf8mb4_unicode_ci NOT NULL,
  `detail` text COLLATE utf8mb4_unicode_ci NOT NULL,
  `price` int(11) NOT NULL,
  `stock` int(11) NOT NULL,
  `discount` int(11) NOT NULL,
  `created_at` timestamp NULL DEFAULT NULL,
  `updated_at` timestamp NULL DEFAULT NULL
) ENGINE=InnoDB DEFAULT CHARSET=utf8mb4 COLLATE=utf8mb4_unicode_ci;

--
-- Dumping data for table `products`
--

INSERT INTO `products` (`id`, `name`, `detail`, `price`, `stock`, `discount`, `created_at`, `updated_at`) VALUES
(1, 'necessitatibus', 'Nobis laboriosam quia sit quas. Voluptas in sunt sint perferendis sit. Iste id sunt modi. Repudiandae dolorem corporis facere quidem cum ut eaque quidem.', 540, 5, 23, '2019-09-24 21:22:38', '2019-09-24 21:22:38'),
(2, 'ratione', 'Sit culpa odit praesentium id dolores. Et sint facilis consequatur. Modi delectus voluptas dolorem qui magni.', 872, 3, 11, '2019-09-24 21:22:38', '2019-09-24 21:22:38'),
(3, 'autem', 'In debitis quia sint temporibus voluptas. Ut quia in aut. Recusandae qui quidem qui ab quia aut dolorem omnis. Nam a occaecati quis et ut aut.', 552, 0, 14, '2019-09-24 21:22:38', '2019-09-24 21:22:38'),
(4, 'repellendus', 'Rerum facere hic cupiditate voluptatem. Laborum enim sint quod explicabo est autem voluptatibus. Vel culpa et fuga nam veniam deleniti.', 401, 5, 6, '2019-09-24 21:22:38', '2019-09-24 21:22:38'),
(5, 'repudiandae', 'Corporis ipsum est aut et sint nam nobis maxime. Molestiae sint tenetur facilis non sint et. At pariatur ipsa aliquam provident illum porro nobis. Odit sequi nulla sequi atque nihil amet.', 146, 7, 17, '2019-09-24 21:22:38', '2019-09-24 21:22:38'),
(6, 'fuga', 'Tenetur vero ipsum adipisci corrupti velit porro id saepe. Officiis et quasi corrupti ut in magnam et. Ea quaerat aliquid ad rerum quos doloribus consequatur vero.', 615, 9, 30, '2019-09-24 21:22:38', '2019-09-24 21:22:38'),
(7, 'quia', 'Omnis deleniti temporibus quis et. Quae consequatur ut quaerat. Nobis neque reiciendis eos soluta occaecati. Inventore in eos aliquam et.', 856, 9, 26, '2019-09-24 21:22:38', '2019-09-24 21:22:38'),
(8, 'pariatur', 'Ut sunt tempore blanditiis labore neque perferendis et. Corporis laborum assumenda perferendis est repudiandae id modi. Iure qui velit asperiores laborum neque. Ullam nostrum ut eum sit maiores.', 911, 9, 27, '2019-09-24 21:22:38', '2019-09-24 21:22:38'),
(9, 'tempore', 'Eum quibusdam rem est possimus ea omnis. Accusantium in et ea suscipit. Labore quidem quod sit mollitia ut. Beatae aut perferendis reiciendis eveniet. Aut temporibus enim dolor quia qui.', 896, 2, 29, '2019-09-24 21:22:38', '2019-09-24 21:22:38'),
(10, 'aliquam', 'Sit deleniti id necessitatibus dolores cupiditate. Dolorem porro iure non et ad. Numquam dignissimos non vero reiciendis et maxime quia. Fuga magnam amet placeat. Magni ea numquam nostrum exercitationem optio.', 328, 9, 6, '2019-09-24 21:22:38', '2019-09-24 21:22:38'),
(11, 'reprehenderit', 'Dolorum sunt quam aut dolore dignissimos fugit itaque. Magni reiciendis magnam fugit deserunt minima blanditiis. Ab cum consequatur modi. Adipisci temporibus natus quam eius ab et.', 423, 4, 4, '2019-09-24 21:22:38', '2019-09-24 21:22:38'),
(12, 'aut', 'Adipisci aut provident dolores quod nulla. Quia cupiditate impedit aut veritatis qui illo qui. Exercitationem quidem corporis et qui.', 444, 7, 4, '2019-09-24 21:22:38', '2019-09-24 21:22:38'),
(13, 'pariatur', 'Hic totam est mollitia autem et fuga omnis et. Rerum quo et temporibus illum quia earum quia. Placeat quas iure ipsam expedita. Repudiandae molestiae eos repellat sunt amet expedita aut.', 884, 4, 2, '2019-09-24 21:22:38', '2019-09-24 21:22:38'),
(14, 'consequatur', 'Voluptatem voluptas ex quaerat aut minus dolorem nihil. Ex dolore quia ipsum aspernatur. Libero deserunt ducimus aspernatur excepturi incidunt dolorem minima enim.', 414, 6, 5, '2019-09-24 21:22:38', '2019-09-24 21:22:38'),
(15, 'tenetur', 'Et quis distinctio quibusdam ipsam et. Non sunt quis adipisci et. Distinctio tenetur explicabo rem quod et rerum praesentium. Corrupti soluta esse aspernatur labore. Provident odio quidem quae at voluptas expedita sit.', 482, 1, 25, '2019-09-24 21:22:38', '2019-09-24 21:22:38'),
(16, 'omnis', 'Veniam repudiandae illo rerum. Aut odit et qui consectetur optio eligendi. Non sed ipsam dolores. Animi et maiores consequatur earum maiores expedita accusamus.', 146, 8, 16, '2019-09-24 21:22:38', '2019-09-24 21:22:38'),
(17, 'cupiditate', 'Eligendi dolorum dolore rerum aut aut. Natus dolor aut molestiae odio occaecati ut voluptatem. Dolores sed et quia autem eum modi sit.', 452, 6, 10, '2019-09-24 21:22:38', '2019-09-24 21:22:38'),
(18, 'doloribus', 'Blanditiis accusantium eum temporibus aut et. Explicabo commodi fugit natus est. Et qui repellendus ut rem modi illo. Autem accusantium debitis vel reprehenderit.', 600, 5, 10, '2019-09-24 21:22:38', '2019-09-24 21:22:38'),
(19, 'et', 'Quod ut voluptas reiciendis ex est earum sit. Eos modi ea harum et iure nihil dolorum accusantium.', 478, 8, 7, '2019-09-24 21:22:38', '2019-09-24 21:22:38'),
(20, 'sunt', 'Placeat quia dolore sapiente earum cupiditate. Rem nesciunt fuga dolorum officiis est. Et et molestias placeat aperiam.', 533, 5, 3, '2019-09-24 21:22:38', '2019-09-24 21:22:38'),
(21, 'maxime', 'Qui deleniti tempora beatae optio alias et quaerat. Cumque nostrum voluptas rerum reprehenderit facere vel non aut. Perferendis voluptas et perferendis.', 489, 1, 28, '2019-09-24 21:22:38', '2019-09-24 21:22:38'),
(22, 'rerum', 'Odio sint consequatur doloribus ut quibusdam pariatur. Et fugiat saepe quae unde sed nobis. Non blanditiis accusamus sed laboriosam quo cupiditate. Incidunt autem natus et a modi necessitatibus corrupti.', 507, 5, 16, '2019-09-24 21:22:38', '2019-09-24 21:22:38'),
(23, 'eum', 'Quas enim non numquam quos. Ducimus pariatur quibusdam ullam necessitatibus ut voluptas saepe. Pariatur provident reiciendis doloremque illo mollitia iure magnam. Soluta adipisci perferendis maiores quisquam.', 916, 4, 27, '2019-09-24 21:22:38', '2019-09-24 21:22:38'),
(24, 'et', 'Magnam quia laborum quis at. Rem eligendi et temporibus alias recusandae ut voluptatum. Dolores repudiandae vero numquam consectetur officia.', 898, 8, 11, '2019-09-24 21:22:38', '2019-09-24 21:22:38'),
(25, 'voluptatem', 'Eos sunt consequatur et suscipit. Et laboriosam voluptatem reprehenderit cupiditate dolorum aperiam esse. Omnis ex amet suscipit magni voluptate ut. Et quos perspiciatis est consequuntur.', 108, 9, 2, '2019-09-24 21:22:38', '2019-09-24 21:22:38'),
(26, 'qui', 'Et deleniti ipsam et temporibus incidunt aspernatur. Quibusdam est doloribus reiciendis quo suscipit iusto sed. Veniam quisquam nobis itaque sequi ullam doloribus. Nemo est eum aperiam fugiat sint placeat dolores.', 942, 3, 29, '2019-09-24 21:22:38', '2019-09-24 21:22:38'),
(27, 'ut', 'Hic sint explicabo dignissimos assumenda amet. Delectus et ut vel ut culpa voluptate. Officia aut a pariatur nostrum ipsam non. Autem cum dolores molestiae.', 358, 7, 6, '2019-09-24 21:22:38', '2019-09-24 21:22:38'),
(28, 'cumque', 'Aliquid sit rem sit laudantium aut quas maiores. Reprehenderit ut rerum consequuntur iure et. Qui sunt aut doloribus veritatis ab adipisci velit. Ea voluptatibus quia qui nulla.', 552, 6, 23, '2019-09-24 21:22:38', '2019-09-24 21:22:38'),
(29, 'eligendi', 'Repellat nesciunt iste aut. In ea incidunt qui libero. Et architecto dolores ea facilis in animi suscipit. Dolores illo earum molestiae consequuntur omnis.', 242, 0, 6, '2019-09-24 21:22:38', '2019-09-24 21:22:38'),
(30, 'omnis', 'Cum consequatur alias aut asperiores nemo nobis. Rerum accusamus rerum voluptatibus consequatur et nisi fuga. Qui mollitia dolores sint accusantium veniam suscipit accusamus.', 398, 2, 21, '2019-09-24 21:22:38', '2019-09-24 21:22:38'),
(31, 'aperiam', 'Ullam sapiente vel id eos et vel. Earum repudiandae vitae est expedita. In et tempore et et expedita reiciendis laborum.', 960, 5, 25, '2019-09-24 21:22:38', '2019-09-24 21:22:38'),
(32, 'explicabo', 'Voluptatibus necessitatibus velit consequatur at in. Eaque dolorem dolor repudiandae. Illo libero voluptas consequatur tenetur. Et quia repudiandae dolor qui.', 199, 9, 3, '2019-09-24 21:22:38', '2019-09-24 21:22:38'),
(33, 'possimus', 'Non est et non recusandae. Dolores tempora delectus et voluptates dolor consequuntur aut suscipit. Harum iste explicabo eos vel.', 146, 0, 25, '2019-09-24 21:22:38', '2019-09-24 21:22:38'),
(34, 'possimus', 'Molestiae nihil quis dolor veritatis quae. Quas incidunt et voluptas in rem est aperiam asperiores. Voluptas enim adipisci et et.', 847, 9, 13, '2019-09-24 21:22:38', '2019-09-24 21:22:38'),
(35, 'voluptatum', 'Ex itaque quisquam aut quidem sed id neque. Et quos accusamus sint incidunt. Quidem dolores omnis ratione aut aliquid dolor sunt soluta. Eaque ipsa expedita sint.', 279, 3, 5, '2019-09-24 21:22:38', '2019-09-24 21:22:38'),
(36, 'cumque', 'Ut velit sit voluptates qui corporis excepturi odio. Qui tempora molestias nemo maxime omnis quod qui. Dignissimos hic voluptatem sunt debitis consectetur.', 905, 1, 16, '2019-09-24 21:22:38', '2019-09-24 21:22:38'),
(37, 'quam', 'Aperiam corporis recusandae et. Sit odit magni quisquam aliquam quisquam. Quae cumque ullam quia qui ab doloribus et. Non reprehenderit doloribus hic accusantium.', 330, 5, 13, '2019-09-24 21:22:38', '2019-09-24 21:22:38'),
(38, 'quod', 'Id culpa molestiae ut asperiores nihil laborum. Quia est ut velit veniam aspernatur beatae consectetur. Nesciunt voluptate nisi dicta corporis qui. Nihil recusandae consequatur molestias et.', 778, 4, 3, '2019-09-24 21:22:38', '2019-09-24 21:22:38'),
(39, 'architecto', 'Ea dolore repellendus est. Incidunt aut neque harum atque ipsum sed.', 386, 2, 20, '2019-09-24 21:22:38', '2019-09-24 21:22:38'),
(40, 'ducimus', 'Provident corporis dolor cumque id. Ipsam voluptatem quis doloremque quisquam architecto ea ut.', 842, 5, 18, '2019-09-24 21:22:38', '2019-09-24 21:22:38'),
(41, 'magnam', 'Exercitationem autem sunt est rerum dolores rerum. Voluptas id suscipit explicabo mollitia harum voluptas voluptas sunt. Nemo porro omnis rerum aliquid. Asperiores minus in vero dolores ut delectus nam. Cum ea qui et perspiciatis facilis.', 998, 3, 13, '2019-09-24 21:22:38', '2019-09-24 21:22:38'),
(42, 'impedit', 'Ea pariatur architecto blanditiis aut qui. Qui nostrum ab est ut qui necessitatibus sunt. Rem voluptatem et explicabo sit nihil aliquid.', 866, 7, 9, '2019-09-24 21:22:38', '2019-09-24 21:22:38'),
(43, 'at', 'Quidem quos perspiciatis qui ipsum. Facilis autem ut dolore earum cupiditate. Dolorem quo aliquid officia quas qui. Iusto praesentium voluptatem voluptas in ab quod. Magnam labore tenetur ipsam magnam.', 352, 7, 2, '2019-09-24 21:22:38', '2019-09-24 21:22:38'),
(44, 'iure', 'Unde dolore tempore rem est et. Nostrum vitae sunt fugiat quo ut quia. Consequatur quia possimus repellendus voluptatum perferendis amet sint. Reiciendis earum recusandae voluptatum voluptatem.', 708, 2, 27, '2019-09-24 21:22:38', '2019-09-24 21:22:38'),
(45, 'nihil', 'Sunt est officia est eum possimus eos est repellat. Doloremque cupiditate mollitia non facere id ut. Ea quaerat error voluptatem quia nihil eos quia.', 727, 3, 30, '2019-09-24 21:22:38', '2019-09-24 21:22:38'),
(46, 'in', 'Et accusantium sit illum cum saepe quia ducimus. Omnis modi omnis totam incidunt ex ratione.', 103, 0, 6, '2019-09-24 21:22:38', '2019-09-24 21:22:38'),
(47, 'debitis', 'Odit non rem quo laudantium veniam ab consequatur. Architecto id quia est ut perspiciatis sed est. Et sit quisquam cumque. Ea ea quo odit sit ipsam.', 572, 3, 2, '2019-09-24 21:22:38', '2019-09-24 21:22:38'),
(48, 'totam', 'Id iusto eveniet ipsum quidem libero maxime iusto. Porro a sunt ea quia in. Itaque veritatis quis minima dolorum. Ut qui aliquam corrupti cupiditate id pariatur sequi.', 785, 1, 25, '2019-09-24 21:22:38', '2019-09-24 21:22:38'),
(49, 'eum', 'Unde praesentium officiis beatae qui. Qui optio aut nulla. Et autem autem ad a et non enim.', 703, 8, 27, '2019-09-24 21:22:38', '2019-09-24 21:22:38'),
(50, 'dolorem', 'Qui similique non ex pariatur alias provident commodi. Nisi quo et ipsum rerum voluptas. Sint itaque est error sit et voluptatum. Aut et ea est.', 309, 4, 12, '2019-09-24 21:22:38', '2019-09-24 21:22:38'),
(51, 'sunt', 'Corrupti ab vitae eveniet. Earum dolorem dolores ullam eius voluptates. Quo et nesciunt eum et. Quia dolor nemo possimus sit qui qui. Natus voluptatum quia delectus minima et.', 826, 1, 9, '2019-09-24 22:09:02', '2019-09-24 22:09:02'),
(52, 'ut', 'Voluptatum nulla et illo dolores quo et perspiciatis dicta. Quibusdam facilis eaque debitis. Recusandae consequatur qui aut facere dolor veniam. Quam hic soluta molestias velit.', 670, 4, 14, '2019-09-24 22:09:02', '2019-09-24 22:09:02'),
(53, 'cumque', 'Quis molestias laboriosam vel ab. Culpa minus ut mollitia iusto repudiandae. Vero in molestias consectetur.', 537, 1, 21, '2019-09-24 22:09:02', '2019-09-24 22:09:02'),
(54, 'reiciendis', 'Enim accusantium voluptate dolorum porro explicabo voluptatibus et. Quo molestiae et qui voluptatem. Cupiditate vel ullam iure debitis quibusdam assumenda saepe.', 449, 5, 5, '2019-09-24 22:09:02', '2019-09-24 22:09:02'),
(55, 'sunt', 'Quidem placeat eaque ullam quia. Qui sint aut rerum architecto. Illum sed iure est sequi.', 277, 9, 5, '2019-09-24 22:09:02', '2019-09-24 22:09:02'),
(56, 'dignissimos', 'Nisi quae et sint molestias unde sint ipsa. Impedit et aspernatur delectus aut consequatur ipsum est. Consequatur cum autem enim voluptate quis.', 245, 2, 19, '2019-09-24 22:09:02', '2019-09-24 22:09:02'),
(57, 'voluptatem', 'Soluta hic quo ab sint natus rerum officiis. Provident aut saepe magni praesentium. Accusamus eligendi ducimus quaerat voluptatibus. Et ut architecto expedita eos quia et consequatur.', 184, 3, 2, '2019-09-24 22:09:02', '2019-09-24 22:09:02'),
(58, 'dolorum', 'Nesciunt qui voluptatem assumenda corporis qui nostrum omnis quod. Sed earum nobis sapiente eum saepe harum. Quis ad dolores enim cum. Impedit accusamus expedita vero iste et vel ipsa.', 856, 6, 14, '2019-09-24 22:09:02', '2019-09-24 22:09:02'),
(59, 'accusamus', 'Architecto aut modi odio et. Molestias dolorum cupiditate quia asperiores labore. Doloribus quisquam provident incidunt sunt atque officia.', 963, 2, 3, '2019-09-24 22:09:02', '2019-09-24 22:09:02'),
(60, 'sed', 'Repellendus temporibus ad perferendis qui voluptas. Incidunt ipsum eos blanditiis unde totam numquam totam tenetur. Sint aut sapiente fugit exercitationem vero eos. Accusantium ipsa debitis eius quisquam.', 641, 7, 12, '2019-09-24 22:09:02', '2019-09-24 22:09:02'),
(61, 'quibusdam', 'Perferendis et voluptatum explicabo. Tempore nulla cumque pariatur id veniam dolor praesentium. Aperiam porro odio laborum consequatur molestiae quae enim. Molestiae nesciunt qui veritatis omnis libero reiciendis enim.', 671, 2, 19, '2019-09-24 22:09:02', '2019-09-24 22:09:02'),
(62, 'et', 'Laborum iste sit itaque aut est eos rerum veritatis. Velit et numquam consequatur sit qui. Est est ea et quia odit voluptatem.', 150, 5, 22, '2019-09-24 22:09:02', '2019-09-24 22:09:02'),
(63, 'dolores', 'Amet recusandae praesentium sit distinctio omnis minima. Dolorum sed veniam laudantium sed ut saepe dolor. Dolorum voluptatem voluptatem et fugiat enim nesciunt distinctio corrupti. Iusto rerum optio repellendus non veritatis non.', 475, 5, 3, '2019-09-24 22:09:02', '2019-09-24 22:09:02'),
(64, 'sit', 'Praesentium rem eos est officiis amet aut. Magni vero pariatur voluptatibus corporis quasi excepturi id. Omnis provident eius consequatur autem velit nam.', 843, 9, 13, '2019-09-24 22:09:02', '2019-09-24 22:09:02'),
(65, 'expedita', 'Sit dolor nisi animi voluptas voluptatibus ad. Ipsum qui alias provident sit nulla id.', 225, 4, 3, '2019-09-24 22:09:02', '2019-09-24 22:09:02'),
(66, 'nisi', 'Earum incidunt dolor officiis doloribus quis. Ut quia at unde incidunt voluptas. Non aspernatur porro voluptas placeat. Cum blanditiis qui nihil deserunt cupiditate quo sequi.', 785, 7, 6, '2019-09-24 22:09:02', '2019-09-24 22:09:02'),
(67, 'odit', 'Aut et qui accusamus deserunt sunt autem. Recusandae porro excepturi explicabo minima velit possimus. Architecto blanditiis vel aperiam. Cumque eligendi vero magnam ut tenetur molestias.', 979, 6, 17, '2019-09-24 22:09:02', '2019-09-24 22:09:02'),
(68, 'reprehenderit', 'Perferendis voluptatum qui asperiores assumenda. Libero sunt et quia aut sed. Id similique et veritatis quisquam aspernatur libero. Molestiae eius repudiandae laborum ex vel.', 338, 9, 25, '2019-09-24 22:09:02', '2019-09-24 22:09:02'),
(69, 'magnam', 'Eaque voluptas qui autem architecto culpa voluptatem natus est. Voluptatem itaque officiis dignissimos velit. Explicabo itaque aspernatur dolorem a ab vel non. Voluptatem iusto cum eligendi aperiam.', 253, 4, 19, '2019-09-24 22:09:02', '2019-09-24 22:09:02'),
(70, 'iusto', 'Nostrum nihil vel excepturi. Quasi reprehenderit illum nemo quis distinctio. Quam ratione eligendi facilis assumenda. Magni suscipit dolor quibusdam numquam dicta rem.', 404, 1, 3, '2019-09-24 22:09:02', '2019-09-24 22:09:02'),
(71, 'ullam', 'Quisquam dolores fugiat laboriosam officia excepturi pariatur laudantium. Enim non itaque iusto dolores fugit nostrum dolor soluta. Eos dolorem repudiandae in beatae rem porro excepturi. Fugiat non modi nihil velit numquam ipsum blanditiis.', 240, 1, 18, '2019-09-24 22:09:02', '2019-09-24 22:09:02'),
(72, 'consequuntur', 'Ex hic sequi et quaerat. Voluptas est explicabo perferendis non quae accusantium quidem. Dolorem nihil earum iusto eum labore velit suscipit.', 501, 2, 14, '2019-09-24 22:09:02', '2019-09-24 22:09:02'),
(73, 'pariatur', 'Et ab in assumenda. Necessitatibus doloremque consequatur enim ut ab id. Voluptas esse ex labore ipsa numquam consequatur quis ut. Aut tenetur et commodi tenetur ut.', 687, 1, 2, '2019-09-24 22:09:02', '2019-09-24 22:09:02'),
(74, 'iure', 'Voluptates in neque sequi quam facere. Molestiae officiis consequatur et quod. Et repudiandae inventore dolorem voluptatem sit voluptatem. Dolorem quia voluptas et dolor eius nihil exercitationem et.', 505, 3, 7, '2019-09-24 22:09:02', '2019-09-24 22:09:02'),
(75, 'eligendi', 'Commodi expedita officiis autem hic. Eos maiores laboriosam voluptatibus consectetur. Tempore omnis quia cum esse.', 540, 6, 16, '2019-09-24 22:09:02', '2019-09-24 22:09:02'),
(76, 'fuga', 'In culpa itaque dolores ea aut fuga ex. Quis facere natus optio at nemo ipsa. Nihil est sit explicabo repellendus deleniti non ullam. Rerum sint tempore deleniti dolor expedita odio quia hic.', 512, 7, 10, '2019-09-24 22:09:02', '2019-09-24 22:09:02'),
(77, 'minima', 'Voluptates consequatur nulla similique non ratione. Deleniti excepturi sit vel non facilis tempora. Dolores commodi est velit dolorem ducimus.', 380, 9, 29, '2019-09-24 22:09:02', '2019-09-24 22:09:02'),
(78, 'quia', 'Possimus consequuntur voluptas labore qui vel ratione. Fuga enim ut eligendi eum. Autem impedit quis veritatis laborum.', 756, 3, 30, '2019-09-24 22:09:02', '2019-09-24 22:09:02'),
(79, 'accusantium', 'Id atque autem cum ut incidunt consequatur. Dolore dolorum enim ipsa recusandae magnam laboriosam soluta ipsa. Quas laborum voluptas eum. Quia iste ducimus consequatur eius occaecati similique.', 144, 4, 24, '2019-09-24 22:09:02', '2019-09-24 22:09:02'),
(80, 'ullam', 'Sapiente mollitia voluptatem eos dolor tempora nihil est. Voluptatum voluptas doloribus eum ab optio ratione. Aut voluptas temporibus aperiam vitae. Animi consectetur adipisci ut similique molestias est deserunt aut.', 230, 4, 2, '2019-09-24 22:09:02', '2019-09-24 22:09:02'),
(81, 'aut', 'Ab facilis consequatur explicabo aut. Libero possimus ut natus dolores quidem. Molestiae omnis vel repudiandae qui vero consequatur consectetur autem.', 957, 9, 2, '2019-09-24 22:09:02', '2019-09-24 22:09:02'),
(82, 'voluptatibus', 'Maxime quia nesciunt accusantium. Veritatis velit est vero pariatur commodi beatae. Voluptate numquam iusto numquam eos doloremque modi at voluptas.', 631, 4, 9, '2019-09-24 22:09:02', '2019-09-24 22:09:02'),
(83, 'placeat', 'Porro quia illum eius dolores. Modi totam magni et earum a at ut. Est quos doloremque quae voluptates perspiciatis provident. Eum vero odit autem veniam. Autem unde et qui facere sed rerum.', 496, 0, 23, '2019-09-24 22:09:02', '2019-09-24 22:09:02'),
(84, 'non', 'Voluptates totam est voluptas molestias facilis. Quis ut et cupiditate vero quo. At totam corrupti sint sint cum. Maiores totam ad nam omnis dolor et quia.', 605, 7, 3, '2019-09-24 22:09:02', '2019-09-24 22:09:02'),
(85, 'voluptatibus', 'Rerum consequatur consectetur qui qui explicabo deserunt. Asperiores laborum minus ut ipsam nam quidem. Quia beatae id delectus quo quaerat placeat.', 195, 5, 10, '2019-09-24 22:09:02', '2019-09-24 22:09:02'),
(86, 'similique', 'Aliquid voluptatem provident repellendus ea. Eum provident explicabo rerum ducimus laudantium. Sed ab eius illum aut quia debitis. Autem soluta beatae quia harum quos.', 194, 4, 17, '2019-09-24 22:09:02', '2019-09-24 22:09:02'),
(87, 'sunt', 'Architecto vero ea a porro velit est. Rerum aliquid quia est et nihil quae sint autem. Corporis ipsa sit qui mollitia ad ipsa quaerat.', 807, 5, 12, '2019-09-24 22:09:02', '2019-09-24 22:09:02'),
(88, 'quia', 'Dolorum quisquam ut et. Architecto eos deserunt laudantium qui. Consectetur non vero occaecati excepturi. Similique vel qui repudiandae nisi voluptate minima.', 573, 3, 19, '2019-09-24 22:09:02', '2019-09-24 22:09:02'),
(89, 'explicabo', 'Magnam ratione consequuntur reprehenderit corporis. Quidem dolores asperiores voluptas ipsa. Rerum necessitatibus odit vero autem. Eius veniam ipsa voluptatem.', 463, 4, 19, '2019-09-24 22:09:02', '2019-09-24 22:09:02'),
(90, 'sunt', 'Animi veritatis distinctio quia eligendi facere autem nam. Et mollitia quia aut repellendus quo consequuntur modi. Atque rerum aut accusantium et quia. Voluptatem ratione ut sunt sunt.', 635, 4, 24, '2019-09-24 22:09:02', '2019-09-24 22:09:02'),
(91, 'non', 'Voluptas nulla rerum rerum occaecati. Ad aut possimus officia fuga dolorum non voluptate. Sit nam a aut sint ducimus atque itaque. Voluptas deserunt sed ut iusto doloremque reprehenderit qui.', 881, 1, 17, '2019-09-24 22:09:02', '2019-09-24 22:09:02'),
(92, 'minima', 'Illo dolor quae recusandae saepe sequi. Et qui fugit aut velit eos et odio. Aut ratione tenetur est ut natus. Eum necessitatibus veritatis itaque nostrum harum commodi quis nulla.', 850, 4, 18, '2019-09-24 22:09:02', '2019-09-24 22:09:02'),
(93, 'quia', 'Quis ratione vitae nam vero totam soluta adipisci dolorem. Deserunt consequatur illo aspernatur aut. Ullam voluptatum corporis minus et aliquam nam et. Ex earum voluptate ut voluptatem.', 626, 2, 11, '2019-09-24 22:09:02', '2019-09-24 22:09:02'),
(94, 'similique', 'Consequuntur occaecati libero aliquid ad. Quis adipisci sint quos distinctio similique molestiae. Esse consequuntur qui architecto consequatur.', 742, 5, 17, '2019-09-24 22:09:02', '2019-09-24 22:09:02'),
(95, 'ut', 'Non adipisci voluptates dolorem dolores accusamus. Molestias non quod assumenda iste optio molestias. Dicta nam nobis sit possimus nihil eum a aperiam. Harum explicabo nihil ut est facilis sapiente ipsum.', 956, 7, 29, '2019-09-24 22:09:02', '2019-09-24 22:09:02'),
(96, 'eum', 'Ipsa consequatur ut mollitia quibusdam cum aut blanditiis. Officiis reiciendis adipisci libero expedita repellat eum nemo. Aperiam et eligendi tenetur voluptas.', 280, 2, 9, '2019-09-24 22:09:02', '2019-09-24 22:09:02'),
(97, 'aliquam', 'Rerum eveniet ut ut molestiae ullam id accusamus est. Et mollitia suscipit recusandae nostrum voluptas nihil. Voluptatum optio numquam inventore eveniet nostrum. Quisquam eaque aspernatur iure voluptatem.', 727, 0, 19, '2019-09-24 22:09:02', '2019-09-24 22:09:02'),
(98, 'natus', 'Omnis sint suscipit quas incidunt. Ea est sed omnis tenetur et. Enim similique inventore qui. Harum optio harum omnis harum est.', 299, 2, 6, '2019-09-24 22:09:02', '2019-09-24 22:09:02'),
(99, 'aut', 'Quis corporis expedita natus harum consequatur accusantium dolores. Nam ea et optio et et fugiat. Dolore doloribus ipsum velit quo nulla facilis quasi.', 156, 9, 28, '2019-09-24 22:09:02', '2019-09-24 22:09:02'),
(100, 'illum', 'Atque voluptas at rerum rem. Dolorem maxime omnis architecto voluptatibus odit. Quia velit dicta rerum labore.', 727, 9, 3, '2019-09-24 22:09:02', '2019-09-24 22:09:02');

-- --------------------------------------------------------

--
-- Table structure for table `reviews`
--

CREATE TABLE `reviews` (
  `id` bigint(20) UNSIGNED NOT NULL,
  `product_id` bigint(20) UNSIGNED NOT NULL,
  `customer` varchar(191) COLLATE utf8mb4_unicode_ci NOT NULL,
  `review` text COLLATE utf8mb4_unicode_ci NOT NULL,
  `star` int(11) NOT NULL,
  `created_at` timestamp NULL DEFAULT NULL,
  `updated_at` timestamp NULL DEFAULT NULL
) ENGINE=InnoDB DEFAULT CHARSET=utf8mb4 COLLATE=utf8mb4_unicode_ci;

--
-- Dumping data for table `reviews`
--

INSERT INTO `reviews` (`id`, `product_id`, `customer`, `review`, `star`, `created_at`, `updated_at`) VALUES
(1, 100, 'Mrs. Duane Schmitt', 'Voluptatem in ullam temporibus eum ipsa. Repellendus aspernatur atque aut non. Ut sit quo ea iure. Aspernatur eveniet deserunt quia autem sint ducimus explicabo.', 5, '2019-09-24 22:09:02', '2019-09-24 22:09:02'),
(2, 67, 'Dr. Robin O\'Connell', 'Ut laudantium dolor consequatur quo aut ipsum aperiam. Officiis non est reprehenderit vitae qui. Illo provident totam in non a sint voluptas et.', 3, '2019-09-24 22:09:02', '2019-09-24 22:09:02'),
(3, 37, 'Telly Smith', 'Et quae possimus fuga id reiciendis aliquam et sint. Architecto earum non quia id velit iusto eos quasi. Est alias ut quasi maxime ad.', 2, '2019-09-24 22:09:02', '2019-09-24 22:09:02'),
(4, 29, 'Xavier Moen', 'Consequatur ipsum consequatur culpa quos saepe minus. Accusamus maiores repudiandae illum amet itaque. Officiis ab qui numquam dolorem amet quam dolor. Hic dolor provident eligendi.', 0, '2019-09-24 22:09:02', '2019-09-24 22:09:02'),
(5, 61, 'Anastacio Steuber', 'Nobis animi et dolor delectus cum sit iusto. Maxime nisi officia rerum quia laborum inventore. Maiores et blanditiis amet facilis.', 3, '2019-09-24 22:09:02', '2019-09-24 22:09:02'),
(6, 100, 'Gabe Stoltenberg II', 'Numquam pariatur eveniet voluptatem sit iusto. Quisquam quia a commodi aliquid nostrum reprehenderit. Maiores quia maiores minima rerum aut quidem. Corrupti quia sunt ut harum.', 3, '2019-09-24 22:09:02', '2019-09-24 22:09:02'),
(7, 48, 'Mrs. Delphia Wiegand', 'Et dolores expedita voluptas fugiat reprehenderit similique. Aut id architecto sint voluptas architecto quia. Totam cum ea maiores voluptatem.', 1, '2019-09-24 22:09:02', '2019-09-24 22:09:02'),
(8, 40, 'Prof. Kattie Will', 'Quia laboriosam nihil asperiores mollitia nulla. Quo rem eos aut cumque. Accusantium cum iste eos veniam qui consequatur culpa. Adipisci blanditiis ducimus quisquam aut cupiditate non.', 1, '2019-09-24 22:09:02', '2019-09-24 22:09:02'),
(9, 50, 'Ophelia Stehr', 'Explicabo non recusandae delectus rerum odio accusamus qui. Corporis quia ipsam sed. Omnis ut illum dolorem aliquam.', 3, '2019-09-24 22:09:02', '2019-09-24 22:09:02'),
(10, 72, 'Mr. Carmine Fahey', 'Velit magni aut dolores consequatur et quis nihil. Cupiditate harum cum et ut nulla. Nesciunt explicabo nam temporibus sit nisi id. Ea est molestiae eos incidunt sed explicabo repudiandae.', 4, '2019-09-24 22:09:02', '2019-09-24 22:09:02'),
(11, 78, 'Chester Dach', 'Iste pariatur accusantium ea eum id velit nostrum. Quam nam nostrum ut officia tenetur eaque alias. Similique corrupti molestias est vero in.', 0, '2019-09-24 22:09:02', '2019-09-24 22:09:02'),
(12, 2, 'Raymond Mitchell', 'Accusantium aut totam expedita nisi fugiat ipsum non. Alias cumque quia quis praesentium ipsa. In provident quaerat corrupti praesentium debitis. Ut facere praesentium consequuntur non maxime et consequatur.', 0, '2019-09-24 22:09:02', '2019-09-24 22:09:02'),
(13, 88, 'Ms. Kira Dare Sr.', 'Provident tempora vel velit amet veritatis nam repudiandae. Qui consequatur sunt aut expedita esse nihil. Est qui dicta eum quae.', 4, '2019-09-24 22:09:02', '2019-09-24 22:09:02'),
(14, 8, 'Mrs. Jacinthe Corkery', 'Similique consequatur et non quia voluptatem. Animi suscipit autem animi molestias molestiae suscipit. Quas modi sit aspernatur aliquam occaecati sed nostrum. Non inventore neque eius voluptatem ipsam quae.', 2, '2019-09-24 22:09:02', '2019-09-24 22:09:02'),
(15, 62, 'Dr. Mckenna Stamm Jr.', 'Provident blanditiis et odio numquam eveniet nihil illum. Veritatis necessitatibus aut non non libero. Cumque magnam aperiam suscipit quaerat. Ex iusto non in.', 3, '2019-09-24 22:09:02', '2019-09-24 22:09:02'),
(16, 98, 'Delores Rolfson PhD', 'Molestiae rem sunt nulla nemo nulla quasi. Aut fuga odit sit nesciunt velit labore. Earum dolorum natus culpa ut qui omnis expedita. Corrupti nobis eos id ut. Velit aperiam quod fugit omnis doloremque.', 3, '2019-09-24 22:09:02', '2019-09-24 22:09:02'),
(17, 36, 'Dr. Adolf Will PhD', 'Et quibusdam mollitia ut vel veritatis corrupti. Beatae molestias nemo omnis consequatur dicta pariatur itaque. Exercitationem illo eum iste in ullam dolorum aut.', 0, '2019-09-24 22:09:02', '2019-09-24 22:09:02'),
(18, 34, 'Stacy Ledner', 'Animi fuga quasi eos nesciunt est. Dicta sed dolores aliquam debitis laboriosam temporibus. Rerum ipsum possimus magnam voluptates accusamus illo aut. Sint tenetur nihil facere aut error aspernatur.', 2, '2019-09-24 22:09:02', '2019-09-24 22:09:02'),
(19, 89, 'Bettye Hettinger', 'Debitis quis fugiat repellendus deserunt maxime quam perferendis. Doloremque veniam autem vitae rerum est. Esse ut tempore sed. Enim eveniet quis qui tempore qui similique sunt.', 5, '2019-09-24 22:09:02', '2019-09-24 22:09:02'),
(20, 41, 'Lera Hoppe', 'Exercitationem inventore et beatae autem voluptatem delectus consectetur. Vero quasi dignissimos et. Quia id cumque impedit dolore veritatis assumenda.', 3, '2019-09-24 22:09:02', '2019-09-24 22:09:02'),
(21, 32, 'Adrien Paucek', 'Ut minima qui voluptate eaque possimus architecto ipsum. Tenetur officiis ea voluptatem rerum deleniti sed. Quae voluptate qui provident sit reiciendis sequi.', 3, '2019-09-24 22:09:02', '2019-09-24 22:09:02'),
(22, 69, 'Mr. Mckenzie Wehner', 'Amet voluptatem eos sed quo expedita. Quam deleniti est esse voluptas libero accusantium. Quia voluptas est deleniti inventore et commodi aut. Aut eius omnis animi sapiente nam excepturi et sint. Quia quisquam architecto vel dolorem distinctio iure.', 2, '2019-09-24 22:09:02', '2019-09-24 22:09:02'),
(23, 58, 'Pierre Gusikowski', 'Eius possimus amet ducimus ratione odit nesciunt. Voluptatibus dicta est deleniti autem odio et.', 0, '2019-09-24 22:09:02', '2019-09-24 22:09:02'),
(24, 3, 'Florine Ryan', 'Rerum vel omnis incidunt quia fugiat. Sit rerum amet voluptatem similique. Rem assumenda est et consequatur provident aut adipisci. Ut voluptatem nisi consequatur non in. Aperiam mollitia animi architecto quia tempore.', 5, '2019-09-24 22:09:02', '2019-09-24 22:09:02'),
(25, 95, 'Rocio Walker', 'Asperiores sed at voluptas omnis. Quod temporibus ut ipsam eius. Sed culpa quaerat non repellendus et ut reprehenderit.', 0, '2019-09-24 22:09:02', '2019-09-24 22:09:02'),
(26, 32, 'Neoma Homenick', 'Et et laborum qui nemo perferendis. Nam similique veniam consequatur quis non sunt. Et aut expedita aut aut deserunt iure. Vitae dolor laudantium odit impedit et.', 0, '2019-09-24 22:09:02', '2019-09-24 22:09:02'),
(27, 46, 'Arden Paucek Sr.', 'Et dolore vitae molestiae adipisci. Unde libero ad excepturi qui vel pariatur consequatur. Sed doloribus at non quo in aut. Repellat illo nisi harum est.', 0, '2019-09-24 22:09:02', '2019-09-24 22:09:02'),
(28, 22, 'Hayley Mann', 'Sunt quisquam soluta rem assumenda earum aperiam explicabo rerum. Quasi architecto sunt unde dolores. Ex suscipit alias quidem molestias.', 5, '2019-09-24 22:09:02', '2019-09-24 22:09:02'),
(29, 84, 'Meda Heathcote', 'Impedit corporis exercitationem blanditiis sint voluptate. Vero dolor accusamus aut quis consequatur et labore sapiente. Et consequuntur id non ipsum minima hic aut. Ut sunt et velit iusto.', 5, '2019-09-24 22:09:02', '2019-09-24 22:09:02'),
(30, 13, 'Dr. Katelin Stanton', 'Et non tempora nemo expedita. Ratione aut est iste expedita ipsam alias. Non a quia consequatur illum dolore enim aliquid soluta. Quis voluptatem sequi dolorum. Est eos dolorum eum modi cum autem dolor pariatur.', 1, '2019-09-24 22:09:02', '2019-09-24 22:09:02'),
(31, 82, 'Dr. Dorothea Tromp I', 'Unde ratione voluptas debitis. Ut repellendus veniam eveniet. Eum at aut reprehenderit velit enim. Quod est non repellendus quidem qui enim.', 2, '2019-09-24 22:09:02', '2019-09-24 22:09:02'),
(32, 55, 'Leonardo Hane', 'Omnis molestiae sequi nobis et tempora magni. Placeat commodi enim dicta sequi doloremque nostrum totam. Laudantium velit doloribus velit quos odio aliquid. Nemo aliquam eos est quo suscipit sunt. Itaque ea occaecati fuga reiciendis praesentium odit.', 5, '2019-09-24 22:09:02', '2019-09-24 22:09:02'),
(33, 85, 'Alanis Wehner II', 'Sequi voluptatem ut quibusdam sequi quia et odio. Voluptatem quod dolorem dolorum. Illo necessitatibus aut consequatur distinctio omnis asperiores error. Consequuntur qui id ab pariatur repudiandae aut et.', 4, '2019-09-24 22:09:02', '2019-09-24 22:09:02'),
(34, 8, 'Francesca Simonis', 'Velit dolores et in suscipit. Voluptates ad id magni molestias. Blanditiis cumque occaecati minima facilis ut.', 4, '2019-09-24 22:09:02', '2019-09-24 22:09:02'),
(35, 75, 'Mr. Orlo Rempel', 'Quod voluptates reprehenderit ex fugit sed aperiam quasi ut. Enim saepe iste pariatur rerum labore rem sint quia. Et ea nihil quia magni omnis. Dicta et dolores sunt quas in animi. Neque aut est aut quis impedit.', 1, '2019-09-24 22:09:02', '2019-09-24 22:09:02'),
(36, 10, 'Deanna Harvey', 'Nam qui minus voluptas et sed. Et illo deserunt ducimus sunt fuga. Odio perferendis deleniti aliquam ut mollitia quis autem numquam. Quaerat ut eos nihil sunt commodi totam.', 4, '2019-09-24 22:09:02', '2019-09-24 22:09:02'),
(37, 29, 'Buddy Shields', 'Omnis voluptate illum ut amet doloremque eaque suscipit. Aut veniam sunt vel et assumenda enim. Rerum consequuntur sequi quidem dolorum quia laborum ut. Aut ut in autem necessitatibus. Nisi qui suscipit aliquid.', 3, '2019-09-24 22:09:02', '2019-09-24 22:09:02'),
(38, 5, 'Otha Ruecker', 'Qui aut quidem dolor qui ut. Facilis aut adipisci incidunt dignissimos laudantium consectetur. Voluptas et rerum id et. Accusantium quod ut qui nostrum et.', 3, '2019-09-24 22:09:02', '2019-09-24 22:09:02'),
(39, 62, 'Dr. Ignacio Lehner DDS', 'Repellat dicta totam eos quo. Sed tenetur quia beatae. Eum ullam accusamus voluptas possimus.', 2, '2019-09-24 22:09:02', '2019-09-24 22:09:02'),
(40, 90, 'Kenyon Larson II', 'Dolor doloribus doloribus enim provident et. Aperiam amet consequatur deleniti corrupti totam libero. Molestiae odio soluta sit eligendi itaque nam. Similique qui quod consequatur rerum praesentium. Impedit et assumenda error omnis occaecati quia ad.', 0, '2019-09-24 22:09:02', '2019-09-24 22:09:02'),
(41, 68, 'Gloria Runolfsdottir I', 'Veniam dolorem qui quas excepturi aut. Et quia et possimus omnis eius. Sequi et praesentium maiores eveniet repudiandae.', 0, '2019-09-24 22:09:02', '2019-09-24 22:09:02'),
(42, 64, 'Gabrielle Bashirian', 'Qui adipisci voluptatum vel provident dignissimos animi et ipsum. Aut aut excepturi consequatur qui quos fuga labore. Tenetur repudiandae saepe et ea ut et.', 3, '2019-09-24 22:09:02', '2019-09-24 22:09:02'),
(43, 67, 'Mrs. Valentina Kovacek', 'Autem iure est asperiores sunt. Aut doloremque odit sint.', 4, '2019-09-24 22:09:02', '2019-09-24 22:09:02'),
(44, 19, 'Addison Gleason', 'Quibusdam eum saepe et fuga recusandae. Voluptatem molestiae velit velit.', 5, '2019-09-24 22:09:02', '2019-09-24 22:09:02'),
(45, 33, 'Cyril Luettgen II', 'Porro sint odit voluptatem perspiciatis ex. Perferendis laborum maiores magnam et est quibusdam non. Id perferendis dicta veniam cupiditate impedit.', 5, '2019-09-24 22:09:02', '2019-09-24 22:09:02'),
(46, 13, 'Leopold Langosh Jr.', 'Asperiores debitis voluptatem hic deserunt sunt a molestias. Ratione minus in dolores qui cum magnam. Quis ea quisquam quos delectus laboriosam mollitia. Aliquid error quo excepturi.', 2, '2019-09-24 22:09:02', '2019-09-24 22:09:02'),
(47, 71, 'Eldon Mohr', 'Modi quibusdam dolorem laboriosam excepturi vitae adipisci velit. Quidem adipisci deserunt est repellendus qui quo ipsa. Nihil maiores tempore ut. Et eveniet nemo est voluptates id. Odit reiciendis illo quo repellendus.', 4, '2019-09-24 22:09:02', '2019-09-24 22:09:02'),
(48, 94, 'Nya Windler I', 'Eos ut explicabo placeat minus dolore repellendus. Exercitationem laborum ad consequatur occaecati labore dolores. Nam assumenda rerum in quasi eius dignissimos. Quasi eligendi ut voluptas saepe omnis.', 0, '2019-09-24 22:09:02', '2019-09-24 22:09:02'),
(49, 98, 'Verlie Hermann', 'Possimus rerum amet vel quasi ipsa nihil maiores. Quo et hic possimus repellendus. Fugiat dolorum facere blanditiis dolorem ipsa quae. Nemo quisquam qui corrupti ut quia.', 2, '2019-09-24 22:09:02', '2019-09-24 22:09:02'),
(50, 71, 'Myra Jaskolski DVM', 'Perspiciatis in officiis fuga nihil ullam quisquam sed eius. Deleniti earum quis tempora. Qui quam maiores laborum voluptas dolores. Perspiciatis accusamus totam voluptatem sed voluptas aut.', 2, '2019-09-24 22:09:02', '2019-09-24 22:09:02'),
(51, 3, 'Mrs. Lilla Hansen III', 'Animi et tenetur quaerat et qui est. Et accusamus provident aspernatur possimus illo.', 3, '2019-09-24 22:09:02', '2019-09-24 22:09:02'),
(52, 99, 'Neoma Bernhard DDS', 'Nostrum aut qui suscipit consequatur ut architecto. Recusandae et ut enim. Eaque optio magni vitae accusantium. Quibusdam praesentium in iure nulla facilis ullam aliquam.', 2, '2019-09-24 22:09:02', '2019-09-24 22:09:02'),
(53, 64, 'Edwina Grimes', 'Expedita sed reiciendis veritatis sed. Qui qui exercitationem ut deserunt alias. Ex ratione nulla voluptate dolore. Aliquid dicta maxime nam iste.', 3, '2019-09-24 22:09:02', '2019-09-24 22:09:02'),
(54, 80, 'Shea Mann', 'Et ducimus architecto facilis provident nihil sunt aliquid. Quia voluptatibus ducimus nulla minima. Aut commodi voluptatem aliquam sunt atque est error. Explicabo natus quo deserunt perspiciatis accusantium quo sed.', 2, '2019-09-24 22:09:02', '2019-09-24 22:09:02'),
(55, 13, 'Wilfredo Dickinson', 'Quibusdam aut quisquam deserunt tempora. Quo officiis non quas et qui. Iste facilis dolorem nihil aliquid est quasi. Ab incidunt et cum error aut.', 0, '2019-09-24 22:09:03', '2019-09-24 22:09:03'),
(56, 3, 'Vincent Terry Sr.', 'Magnam nesciunt culpa ratione. Aperiam non vel veritatis recusandae qui dolor tempora est. Beatae fugiat magnam nobis inventore corrupti. Et ea deleniti ea molestiae omnis earum omnis.', 5, '2019-09-24 22:09:03', '2019-09-24 22:09:03'),
(57, 20, 'Mr. Maverick Zieme', 'Eius id possimus doloremque. Molestiae temporibus provident ipsam et sint hic.', 0, '2019-09-24 22:09:03', '2019-09-24 22:09:03'),
(58, 33, 'Lessie Spinka DDS', 'Magni corporis non sit vero maxime cupiditate aut. Temporibus et dolorem officiis pariatur optio. Corrupti ut sint consectetur vitae dolor labore aut.', 3, '2019-09-24 22:09:03', '2019-09-24 22:09:03'),
(59, 15, 'Juliana Collins', 'Optio similique consectetur corporis maxime molestiae. Aut dolorem ut porro eius numquam expedita.', 3, '2019-09-24 22:09:03', '2019-09-24 22:09:03'),
(60, 79, 'Madonna Berge', 'Cum cum aut impedit maxime quae sed. Eaque inventore perspiciatis in et consectetur deserunt id. Assumenda non culpa ea blanditiis nisi.', 5, '2019-09-24 22:09:03', '2019-09-24 22:09:03'),
(61, 2, 'Alvah Pagac', 'Perferendis corporis asperiores vero beatae. Eligendi maiores voluptates porro quis repudiandae consequuntur est at. Repellat possimus molestiae sequi saepe dolorem dolor. Eaque iure debitis aperiam illum sint at.', 2, '2019-09-24 22:09:03', '2019-09-24 22:09:03'),
(62, 77, 'Chelsea Zulauf', 'Optio asperiores eum aspernatur. Odio quia doloribus eligendi. Nihil vero debitis inventore sint similique rem.', 5, '2019-09-24 22:09:03', '2019-09-24 22:09:03'),
(63, 4, 'Federico Prosacco II', 'Quis alias similique dolorum possimus. Omnis necessitatibus quo libero ab natus sapiente voluptas veniam. Ullam hic corporis quis in.', 3, '2019-09-24 22:09:03', '2019-09-24 22:09:03'),
(64, 92, 'Marjorie Armstrong', 'Facilis tempora delectus exercitationem tempora et. Odio quia eius enim iste. Minus sint tenetur adipisci sed. In ipsa id aut accusamus ipsum.', 4, '2019-09-24 22:09:03', '2019-09-24 22:09:03'),
(65, 88, 'Darrin Gutkowski', 'Possimus qui odit cupiditate voluptatem est vitae ut. Sint asperiores voluptas cupiditate labore cupiditate. Rem itaque eum vel voluptatem totam consequatur quod inventore. Molestias eum impedit dolorum temporibus ut assumenda.', 0, '2019-09-24 22:09:03', '2019-09-24 22:09:03'),
(66, 25, 'Dale Mitchell Sr.', 'Natus officiis pariatur ut qui aut molestiae quisquam voluptates. Fugit temporibus maiores laborum quisquam iure voluptatem accusantium. Rerum quia ipsam ipsam placeat odio maxime et.', 0, '2019-09-24 22:09:03', '2019-09-24 22:09:03'),
(67, 13, 'Corrine Smitham', 'Temporibus dolorum nihil quidem. Sunt sit unde explicabo quod at eligendi. Id aspernatur accusantium magni exercitationem itaque.', 3, '2019-09-24 22:09:03', '2019-09-24 22:09:03'),
(68, 20, 'Lelah Donnelly', 'Magni eveniet sint error. Aliquid eos repellat quos delectus voluptas. Officia sint aut tempora laborum delectus accusamus maiores. Et ut in voluptas commodi quidem.', 2, '2019-09-24 22:09:03', '2019-09-24 22:09:03'),
(69, 71, 'Darwin Schaefer', 'Deserunt quibusdam dolorem temporibus fugiat error debitis. Molestiae non nisi dicta qui. At omnis rerum vel in eligendi optio eum.', 1, '2019-09-24 22:09:03', '2019-09-24 22:09:03'),
(70, 54, 'Ms. Cynthia Gerlach', 'Adipisci eum non dolorem ut. Laborum quis ut assumenda reprehenderit ex sit quo.', 4, '2019-09-24 22:09:03', '2019-09-24 22:09:03'),
(71, 13, 'Prof. Maxie Blick I', 'Quia neque recusandae soluta quos aliquam. Consequatur est aut nulla ullam alias quis. Ea qui rerum possimus autem. Blanditiis ut quae est et. Quo nulla autem expedita non.', 2, '2019-09-24 22:09:03', '2019-09-24 22:09:03'),
(72, 41, 'Camylle Goyette', 'Omnis illo non vero aut qui sint qui debitis. Deleniti autem culpa rem repudiandae sit distinctio. Similique et corrupti ex nobis autem possimus fuga.', 2, '2019-09-24 22:09:03', '2019-09-24 22:09:03'),
(73, 12, 'Elna Stanton', 'Ipsa laboriosam quos temporibus velit id. Dolorem sunt ex tempora voluptas sit expedita sed. Sunt minima dolor doloremque ipsum qui qui.', 3, '2019-09-24 22:09:03', '2019-09-24 22:09:03'),
(74, 83, 'Retta Quitzon', 'Quia nesciunt facilis ullam quibusdam. Enim vitae fugit dolorem fugit repellendus.', 2, '2019-09-24 22:09:03', '2019-09-24 22:09:03'),
(75, 26, 'Annette Windler', 'Totam consequuntur omnis eius eum id quo accusantium. Tenetur perspiciatis et aut commodi odio consequatur quo. Quas accusantium delectus hic. Neque eum repellat reiciendis molestiae.', 0, '2019-09-24 22:09:03', '2019-09-24 22:09:03'),
(76, 80, 'Dr. Aron Funk PhD', 'Ut voluptates quaerat natus tenetur consequatur. Omnis et accusamus omnis itaque enim consequuntur. Autem et facere velit provident.', 3, '2019-09-24 22:09:03', '2019-09-24 22:09:03'),
(77, 6, 'Adriana Gerhold MD', 'Voluptate velit blanditiis voluptatem sit voluptatibus adipisci. Magni nihil provident non recusandae. Quibusdam voluptatibus modi nulla nostrum consequatur dolores. Omnis eius beatae vel ipsam.', 0, '2019-09-24 22:09:03', '2019-09-24 22:09:03'),
(78, 51, 'Dr. Demarcus Zboncak DVM', 'Tempore asperiores saepe laborum voluptate eum. Ad sit recusandae ducimus consequatur corporis ducimus. Libero architecto ducimus quia omnis ullam ea dignissimos.', 5, '2019-09-24 22:09:03', '2019-09-24 22:09:03'),
(79, 46, 'Adaline Kohler', 'Quos aut repellat quos et non vel ea. Sequi doloribus voluptatem repudiandae accusantium. Perferendis pariatur quam ut. Non minus consequatur temporibus dolores officiis.', 3, '2019-09-24 22:09:03', '2019-09-24 22:09:03'),
(80, 55, 'Benny Haley', 'Nostrum tempora et nemo autem perferendis et. Modi dolorem dignissimos assumenda at officia. Qui expedita natus deserunt rem in neque sit aut.', 4, '2019-09-24 22:09:03', '2019-09-24 22:09:03'),
(81, 39, 'Prof. Amber Reichel I', 'Iure reprehenderit illo quasi eum. Dolor rem iusto qui sed culpa qui facilis. Est consequatur dolorem dicta quia. Velit asperiores rem et voluptate quod aut harum.', 5, '2019-09-24 22:09:03', '2019-09-24 22:09:03'),
(82, 87, 'Lura Lesch', 'Qui quasi earum quasi eos. Qui sed incidunt voluptas dolor. Fugiat quia deleniti ut aut. Voluptatem veritatis saepe beatae qui.', 2, '2019-09-24 22:09:03', '2019-09-24 22:09:03'),
(83, 24, 'Harold Prosacco II', 'Eaque est consequatur ducimus laborum aperiam excepturi dignissimos. Repellat alias optio et ut. Voluptatem suscipit repellat est temporibus molestiae.', 0, '2019-09-24 22:09:03', '2019-09-24 22:09:03'),
(84, 39, 'Tania Smitham', 'Eveniet pariatur occaecati quia iste saepe nisi fuga. Vel error beatae quo omnis sit quo aperiam. Optio laboriosam autem et quasi et corrupti. Repellat eligendi voluptatum qui alias et autem dolore.', 2, '2019-09-24 22:09:03', '2019-09-24 22:09:03'),
(85, 32, 'Ms. Reanna Morissette IV', 'Odit molestias voluptate quaerat excepturi quasi magni. Minima error explicabo vel in. Ex qui voluptas est non dolores sit.', 3, '2019-09-24 22:09:03', '2019-09-24 22:09:03'),
(86, 97, 'Claude Emmerich', 'Deleniti ea provident ipsum eum tempore iusto magni ut. Consequatur ipsum fugit provident. Optio consequuntur inventore id.', 2, '2019-09-24 22:09:03', '2019-09-24 22:09:03'),
(87, 58, 'Prof. Carolina Armstrong I', 'Illo dolorum autem est facere quisquam facere. Aut quia velit nemo ut explicabo. Et non maxime natus iste explicabo.', 3, '2019-09-24 22:09:03', '2019-09-24 22:09:03'),
(88, 70, 'Ottis Hansen PhD', 'Placeat sit ad incidunt aut dolor. Blanditiis quaerat optio velit vel cupiditate quia. Deserunt expedita eos libero velit.', 3, '2019-09-24 22:09:03', '2019-09-24 22:09:03'),
(89, 4, 'Retta Wuckert', 'Culpa voluptas impedit nostrum quidem dolorem. Eum dolores quaerat et eos architecto accusamus. Eligendi iste dolorem cum natus.', 5, '2019-09-24 22:09:03', '2019-09-24 22:09:03'),
(90, 69, 'Theresia Aufderhar', 'Ea dolor at est sit vel non cum. Quia sit suscipit ratione mollitia sed consequatur.', 0, '2019-09-24 22:09:03', '2019-09-24 22:09:03'),
(91, 53, 'Janelle Jerde', 'Voluptas in in beatae laboriosam. Laudantium assumenda et ex quos ut omnis et. Sed reprehenderit assumenda alias et laborum fugit aperiam.', 4, '2019-09-24 22:09:03', '2019-09-24 22:09:03'),
(92, 47, 'Kay Hand', 'Odit numquam blanditiis voluptatem architecto hic. Officia quis qui vero veritatis nisi.', 1, '2019-09-24 22:09:03', '2019-09-24 22:09:03'),
(93, 79, 'Mr. Jan Homenick', 'Quas officia sapiente nihil consequatur vitae in vero. Dolor nulla provident repellat a dolore. Aut autem consequuntur ex ut. Sit tempora veritatis illum et quis officiis omnis. Maiores ut impedit laborum ut.', 0, '2019-09-24 22:09:03', '2019-09-24 22:09:03'),
(94, 13, 'Melisa Deckow', 'Et inventore corporis eaque commodi. Non sit ut assumenda vitae quas. Quis sunt aliquid repellat adipisci. Maxime et ut minus excepturi.', 4, '2019-09-24 22:09:03', '2019-09-24 22:09:03'),
(95, 62, 'Zita Hirthe I', 'Aut et similique vel et. Dolore illum molestiae fugit ipsam reprehenderit quia. Delectus reiciendis eum asperiores molestiae quis blanditiis.', 0, '2019-09-24 22:09:03', '2019-09-24 22:09:03'),
(96, 63, 'Vicente Haley Sr.', 'Quia odit quod incidunt commodi nisi dolor. Modi quidem nulla assumenda id perferendis consequatur ut et. Ducimus quidem veniam sed aliquam eum ut voluptate.', 2, '2019-09-24 22:09:03', '2019-09-24 22:09:03'),
(97, 10, 'Ms. Odie Schroeder', 'Veniam omnis cupiditate dolor optio quisquam. Velit debitis sed dolore eius rerum aut. Optio qui consequatur enim omnis. Ratione provident quaerat impedit aperiam qui voluptas aspernatur velit.', 3, '2019-09-24 22:09:03', '2019-09-24 22:09:03'),
(98, 87, 'Dr. Bernardo Keebler II', 'Eveniet incidunt enim sed. Earum adipisci dolorem sed sed. Explicabo omnis voluptatum omnis sint odit id inventore. Aperiam fugit ullam sint nostrum cumque voluptas.', 0, '2019-09-24 22:09:03', '2019-09-24 22:09:03'),
(99, 94, 'Erna Harvey', 'Corrupti molestias non doloribus et aut est non libero. Eligendi expedita ut esse ut est ex voluptas rerum. Ut ut et consequuntur sint qui voluptas. Rerum dolore quisquam culpa qui eum.', 4, '2019-09-24 22:09:03', '2019-09-24 22:09:03'),
(100, 81, 'Micaela Wuckert', 'Itaque sint est officiis amet veritatis nemo omnis. Id aliquam dignissimos reiciendis voluptatem voluptas. Est doloribus cum et voluptate consequatur hic.', 2, '2019-09-24 22:09:03', '2019-09-24 22:09:03'),
(101, 15, 'Marcelino Morar', 'Tempore doloribus iusto cum exercitationem tempora non commodi exercitationem. Reiciendis reprehenderit qui minus eum deleniti nihil. Tempore libero repellendus repellendus voluptatem ipsam quisquam. Ut et perspiciatis eveniet et.', 5, '2019-09-24 22:09:03', '2019-09-24 22:09:03'),
(102, 16, 'Efren Okuneva', 'Ratione aut nesciunt excepturi reiciendis omnis. Ut itaque nihil enim dignissimos minus nihil porro. Veritatis accusamus sapiente et sint aut repellendus non. Voluptatem quo dolores iste iusto est. Nesciunt est nam quia quia ea sint expedita.', 1, '2019-09-24 22:09:03', '2019-09-24 22:09:03'),
(103, 81, 'Yolanda Metz', 'Quaerat odio et voluptas omnis. Sunt laboriosam dolorem nulla mollitia. Amet eligendi in in quia rerum. Repellat recusandae a magnam.', 4, '2019-09-24 22:09:03', '2019-09-24 22:09:03'),
(104, 81, 'Lolita Langworth', 'Eaque labore esse qui beatae exercitationem fugit nostrum. Aspernatur rerum quia vitae rerum praesentium est tempora ea. Et quia laboriosam dolore aut.', 4, '2019-09-24 22:09:03', '2019-09-24 22:09:03'),
(105, 56, 'Tess Larkin', 'Numquam ex provident recusandae non ipsum quos ipsa. Dicta totam fugit fugiat molestias.', 1, '2019-09-24 22:09:03', '2019-09-24 22:09:03'),
(106, 44, 'Ms. Eden Lynch PhD', 'Molestiae odit nesciunt atque beatae consequatur voluptates. Praesentium aliquam ea enim consectetur. Et vel numquam sint enim dolor maiores. Saepe praesentium dignissimos dolorem reprehenderit rerum.', 0, '2019-09-24 22:09:03', '2019-09-24 22:09:03'),
(107, 65, 'Prof. Willis Gislason', 'Fugiat dicta ea dolores maiores aspernatur cupiditate et dolorem. Recusandae dignissimos quibusdam voluptate. Ut voluptas quia et qui.', 0, '2019-09-24 22:09:03', '2019-09-24 22:09:03'),
(108, 67, 'Dandre Schowalter', 'Dolorem perferendis omnis tempora praesentium. Ad tempora cupiditate nostrum distinctio vero accusamus eligendi. Qui non ut et velit necessitatibus ab accusamus. Sed sed qui vel amet.', 1, '2019-09-24 22:09:03', '2019-09-24 22:09:03'),
(109, 36, 'Richard Lindgren', 'Dolore magni officiis enim nihil et. Ullam nemo quae et odio.', 5, '2019-09-24 22:09:03', '2019-09-24 22:09:03'),
(110, 37, 'Antonio Goodwin', 'Quis expedita molestiae consequatur aut. Eligendi officia magni quaerat recusandae omnis.', 3, '2019-09-24 22:09:03', '2019-09-24 22:09:03'),
(111, 26, 'Kelsi Champlin', 'Consequatur expedita et dolor ipsa. Error magni et molestiae explicabo porro est illo inventore. Quos est accusantium nihil minus et. Quis nulla rerum sunt perferendis voluptatem provident.', 5, '2019-09-24 22:09:03', '2019-09-24 22:09:03'),
(112, 70, 'Aric Carter', 'Sit amet corporis pariatur. Qui sint vel qui deleniti non quia error. Magnam id aut optio quia.', 4, '2019-09-24 22:09:03', '2019-09-24 22:09:03'),
(113, 87, 'Dr. Christ Frami', 'Excepturi ut asperiores molestiae et pariatur. Aut dolor explicabo pariatur sit earum aspernatur. Voluptas repellat excepturi facere sint qui eum.', 2, '2019-09-24 22:09:03', '2019-09-24 22:09:03'),
(114, 74, 'Gabriella Kris', 'Quisquam deserunt voluptatum necessitatibus distinctio possimus eligendi suscipit ut. Fuga non commodi neque culpa in ex repudiandae repellendus. Odit ea velit inventore qui ut.', 3, '2019-09-24 22:09:03', '2019-09-24 22:09:03'),
(115, 37, 'Dr. Uriah Koepp III', 'Sed id neque repellendus voluptas repellat nihil. Eius est et corrupti tempora laudantium. Ut libero commodi maiores ipsa molestiae sunt illo.', 5, '2019-09-24 22:09:03', '2019-09-24 22:09:03'),
(116, 36, 'Candice Turner', 'Sunt qui vel porro inventore voluptatum. Odio nemo dolore praesentium rerum et vel. Voluptatem quae illum consequatur sed.', 5, '2019-09-24 22:09:03', '2019-09-24 22:09:03'),
(117, 74, 'Aliza Witting', 'Deserunt est blanditiis et aut odio. Perferendis eum omnis occaecati deleniti consequatur porro dolore. Ad voluptatem neque illo modi sit. Quia dolorum quae quos unde et.', 1, '2019-09-24 22:09:03', '2019-09-24 22:09:03'),
(118, 60, 'Malinda Howe', 'Similique officiis earum eaque voluptates qui quos dignissimos. Odio ad delectus earum quam repudiandae aut eveniet. Cumque voluptatem porro fuga aut exercitationem perferendis et.', 3, '2019-09-24 22:09:03', '2019-09-24 22:09:03'),
(119, 100, 'Elinor McLaughlin', 'Saepe aut in quas laboriosam quibusdam. Aut impedit fugiat ea modi non consectetur. Nam maiores sit ipsa adipisci qui. Et ab deserunt nostrum sunt molestias.', 0, '2019-09-24 22:09:03', '2019-09-24 22:09:03'),
(120, 88, 'Iliana Bashirian Jr.', 'Est sapiente eaque exercitationem ipsum veniam in. Eos saepe aut dolore exercitationem. A ipsum occaecati voluptatem omnis.', 3, '2019-09-24 22:09:03', '2019-09-24 22:09:03'),
(121, 20, 'Mr. Brandon Rogahn Jr.', 'Qui vel et officiis non fuga quasi. Ipsum officiis aut illum autem delectus quos eum quo. Exercitationem eaque sed fuga aliquid excepturi qui sit omnis. Alias ipsam culpa odio.', 5, '2019-09-24 22:09:03', '2019-09-24 22:09:03'),
(122, 72, 'Amelie Morissette', 'Nesciunt voluptates rerum architecto vitae quam. Libero rerum explicabo velit rerum dolorum est. Error expedita et dolorum aliquam. At molestias et cumque.', 1, '2019-09-24 22:09:03', '2019-09-24 22:09:03'),
(123, 83, 'Mr. Madisen Johnson', 'Voluptas exercitationem necessitatibus ut quisquam perspiciatis velit. Omnis quaerat aliquam id ut accusamus.', 2, '2019-09-24 22:09:03', '2019-09-24 22:09:03'),
(124, 1, 'Rogers Spencer', 'Sint unde illo et optio unde in. Suscipit est sed sapiente quaerat et rerum ex. Laborum voluptatum et facere maxime iste.', 2, '2019-09-24 22:09:03', '2019-09-24 22:09:03'),
(125, 76, 'Lionel Harvey', 'Vero quis repellendus vel cum qui. Qui deserunt rerum doloribus esse. Aliquid dicta dolor ut omnis. Explicabo voluptas quidem aut nihil et quo doloribus. Nisi magni ut et est.', 2, '2019-09-24 22:09:03', '2019-09-24 22:09:03'),
(126, 68, 'Arlo Bode', 'Non aut occaecati aspernatur. Molestiae quaerat voluptatem ad qui. Non rerum vel occaecati quis. Aut deserunt eum itaque.', 5, '2019-09-24 22:09:03', '2019-09-24 22:09:03'),
(127, 64, 'Loyce Leuschke II', 'Consequatur qui facere facilis quis. Nihil omnis sint deserunt. Nesciunt dolores unde porro exercitationem maiores nisi vel.', 5, '2019-09-24 22:09:03', '2019-09-24 22:09:03'),
(128, 79, 'Olen Streich', 'Soluta accusantium aliquam velit ipsam officiis explicabo. Iure et doloremque vero nesciunt voluptatum et sed. Quia a rerum beatae rem. Recusandae nemo nesciunt quo quo libero placeat autem.', 2, '2019-09-24 22:09:03', '2019-09-24 22:09:03'),
(129, 50, 'Mrs. Camilla Murray', 'Ut repellat et praesentium id repellat sint. Veniam natus veniam adipisci deleniti dolor. Rerum voluptatem quidem sit velit id et.', 5, '2019-09-24 22:09:03', '2019-09-24 22:09:03'),
(130, 35, 'Theresia Turner', 'Itaque amet quis ut. Eligendi expedita possimus rerum a. Dolore vel repellat debitis repudiandae. Nihil aut et perspiciatis consequatur rerum eaque.', 3, '2019-09-24 22:09:03', '2019-09-24 22:09:03'),
(131, 25, 'Anabelle Pouros', 'Est dolores sit impedit ullam. Iure laboriosam vel odit dolorem iusto ab esse ipsa. Quo voluptas dolor quam nulla non quos. Sed quibusdam dicta consequuntur in repellat voluptatem qui. Perferendis illum cupiditate iste non.', 2, '2019-09-24 22:09:03', '2019-09-24 22:09:03'),
(132, 89, 'Aniyah Jacobi V', 'Consequatur vel est inventore ea. Ipsa ratione labore illum. Voluptatem impedit eum sint facilis sed tempore. Ut id labore unde est.', 1, '2019-09-24 22:09:03', '2019-09-24 22:09:03'),
(133, 41, 'Dr. Emilie Schinner MD', 'Odio laborum fuga fugit error. Necessitatibus enim perspiciatis natus ut incidunt nulla quod. Expedita beatae enim quibusdam consequatur veniam eum et. Deserunt et tempore et sit. Iure dolorem magni aliquid magni itaque aliquid.', 2, '2019-09-24 22:09:03', '2019-09-24 22:09:03'),
(134, 89, 'Miguel Ernser', 'Veniam aut alias et itaque nulla quis. Quod culpa assumenda sint deserunt.', 3, '2019-09-24 22:09:03', '2019-09-24 22:09:03'),
(135, 94, 'Mr. Herman Hand', 'Sed est qui sunt ut porro. Id possimus eos est labore eveniet mollitia cum. Libero dolorum est et molestiae.', 0, '2019-09-24 22:09:03', '2019-09-24 22:09:03'),
(136, 17, 'Erna Orn', 'Et omnis debitis qui molestiae molestias. Et iste quia cum nihil voluptatum omnis iste dolore. Ea odit expedita numquam ut placeat distinctio doloremque.', 3, '2019-09-24 22:09:03', '2019-09-24 22:09:03'),
(137, 91, 'Shayne Bode II', 'Eum et cumque ullam expedita error. Temporibus recusandae praesentium qui quae odit. Quia nemo velit fugit quo ducimus voluptate. Laudantium quia consequatur dolor eum pariatur natus.', 3, '2019-09-24 22:09:03', '2019-09-24 22:09:03'),
(138, 72, 'Vivienne Murazik', 'Deserunt rerum veritatis saepe aliquid aliquam ipsam laboriosam est. Officia voluptatem excepturi iste dolorem doloribus ipsam. Ut in sit in voluptate quibusdam esse.', 0, '2019-09-24 22:09:03', '2019-09-24 22:09:03'),
(139, 30, 'Olen Pagac', 'Doloribus placeat nesciunt unde et libero et. Expedita ullam id sed distinctio. Sint cupiditate voluptatem voluptatibus magni eos et tempore.', 4, '2019-09-24 22:09:03', '2019-09-24 22:09:03'),
(140, 76, 'Ms. Hermina Frami', 'Id distinctio deserunt quo quisquam voluptatum. Tempora ullam et eum qui. In iste quia quisquam aut occaecati sunt. Ut ullam at quasi aut.', 1, '2019-09-24 22:09:03', '2019-09-24 22:09:03'),
(141, 3, 'Dr. Christine Tromp DDS', 'Dolores dignissimos modi voluptatem consequuntur deserunt ratione. Culpa aspernatur hic vitae quibusdam asperiores. Esse quisquam incidunt commodi ad quo.', 3, '2019-09-24 22:09:03', '2019-09-24 22:09:03'),
(142, 4, 'Roosevelt Blanda', 'Laudantium reiciendis vel voluptatibus ratione expedita laborum. Doloribus eum est natus voluptatem est praesentium earum. Adipisci necessitatibus soluta earum. Voluptatibus tempora magni quis quo.', 1, '2019-09-24 22:09:03', '2019-09-24 22:09:03'),
(143, 69, 'Miss Leila Waelchi DVM', 'Consequatur ullam voluptas ex quis autem id. Eligendi tempore ut quo saepe et quia distinctio.', 3, '2019-09-24 22:09:03', '2019-09-24 22:09:03'),
(144, 32, 'Dr. Dameon Medhurst Sr.', 'Vitae rerum molestiae est id deserunt. Laudantium dolor eos atque quis quo fuga. Omnis ea minus quidem porro.', 3, '2019-09-24 22:09:03', '2019-09-24 22:09:03'),
(145, 98, 'Adolfo Rogahn', 'Rerum dolorem in aut qui. At rerum exercitationem natus dolore aliquid rerum vero. Molestiae natus nisi eum nesciunt magni unde vel est. Ut dolores eaque blanditiis.', 5, '2019-09-24 22:09:03', '2019-09-24 22:09:03'),
(146, 51, 'Zion Kautzer', 'Vel veritatis quam culpa minima autem hic autem. Dolor voluptas aut excepturi quis aut voluptatem. Et aperiam maiores sapiente. Eum doloremque veritatis autem nesciunt. Quos aperiam numquam iure assumenda omnis sed quas.', 5, '2019-09-24 22:09:03', '2019-09-24 22:09:03'),
(147, 23, 'Monroe Quigley III', 'Id voluptatem aperiam pariatur rerum ea voluptas. Nihil explicabo illum dolor mollitia minus quis. Et ipsum voluptas sunt optio a ex officia et.', 1, '2019-09-24 22:09:03', '2019-09-24 22:09:03'),
(148, 54, 'Dr. Albert Funk MD', 'Quis ea rem perspiciatis omnis. Doloribus dicta harum doloribus aperiam. Dolorem voluptatem quas quisquam vero enim occaecati.', 0, '2019-09-24 22:09:03', '2019-09-24 22:09:03'),
(149, 77, 'Skyla Shanahan', 'Voluptatem est quisquam et quis dicta qui. Laboriosam maxime pariatur accusamus quas laboriosam. Praesentium quod consequatur minima voluptatem laborum qui perferendis. Molestiae et quod nesciunt.', 2, '2019-09-24 22:09:03', '2019-09-24 22:09:03'),
(150, 24, 'Edythe Steuber', 'Facere ut unde perferendis omnis rerum error. Omnis similique amet fugiat dolor minus quis. Fugiat dolores libero omnis a voluptas.', 4, '2019-09-24 22:09:03', '2019-09-24 22:09:03'),
(151, 87, 'Imani King MD', 'Iste quia ea sunt inventore voluptates rem. Esse et quia et iusto itaque dolore corrupti. Qui rerum reiciendis nisi consequatur.', 3, '2019-09-24 22:09:03', '2019-09-24 22:09:03'),
(152, 50, 'Mrs. Edyth O\'Hara MD', 'Quas possimus necessitatibus laboriosam magnam consequatur velit est. Asperiores aut eum fuga asperiores amet numquam. Quisquam ipsum nesciunt aliquam aliquid fugiat nobis velit consequatur.', 4, '2019-09-24 22:09:03', '2019-09-24 22:09:03'),
(153, 67, 'Claude Sawayn', 'Voluptatem repellat nemo hic similique quia aspernatur vel nostrum. Minima officia eum ducimus placeat asperiores dicta quia quo.', 3, '2019-09-24 22:09:03', '2019-09-24 22:09:03'),
(154, 10, 'Billy Lakin', 'Facilis laboriosam provident dolorum minus quisquam atque. Dolores labore accusantium fugiat quo in sed atque veritatis. Sint amet deleniti excepturi.', 2, '2019-09-24 22:09:03', '2019-09-24 22:09:03'),
(155, 19, 'Prof. Tyrese Daugherty IV', 'Impedit sit autem quidem odio. Sit dolorum dolorem eveniet quo ipsam iure.', 3, '2019-09-24 22:09:03', '2019-09-24 22:09:03'),
(156, 17, 'Barrett Hintz', 'Rem quia exercitationem dolorem doloremque exercitationem quam. Magnam enim saepe perspiciatis sequi architecto molestias laboriosam accusantium. Voluptate quibusdam voluptas assumenda accusamus quibusdam est quam.', 5, '2019-09-24 22:09:03', '2019-09-24 22:09:03'),
(157, 53, 'Leslie Jaskolski', 'Magnam fugiat inventore voluptas omnis sint nobis nulla. In laudantium vitae explicabo cupiditate totam quaerat nulla. Enim dolor perspiciatis porro est qui et exercitationem. Dolorem mollitia explicabo qui et eum ut dolores.', 2, '2019-09-24 22:09:03', '2019-09-24 22:09:03'),
(158, 47, 'Ladarius Gerlach II', 'Et voluptas voluptatem ipsum eaque commodi minus. Accusamus quia maiores fugit magni eveniet atque quae officiis.', 4, '2019-09-24 22:09:03', '2019-09-24 22:09:03'),
(159, 15, 'Patricia Wolff', 'Rerum et numquam et sit ipsum soluta id. Blanditiis id incidunt fugit harum. Blanditiis quas illum veniam temporibus. Est quis molestiae quos ex quibusdam voluptates eius.', 3, '2019-09-24 22:09:03', '2019-09-24 22:09:03'),
(160, 72, 'Ruben Daniel', 'Tempore voluptatum repellendus saepe placeat voluptatem. Repudiandae at nesciunt ipsam dolorem eos.', 3, '2019-09-24 22:09:03', '2019-09-24 22:09:03'),
(161, 96, 'Chelsea Marquardt', 'Velit voluptatem quia et sapiente quo deserunt voluptatem. Deleniti vel sed quia quae distinctio. Sed quisquam rerum quia. Ipsum aperiam distinctio in.', 0, '2019-09-24 22:09:03', '2019-09-24 22:09:03'),
(162, 50, 'Prof. Mitchell Simonis II', 'Autem voluptatem incidunt est dignissimos laudantium aliquid laudantium. Dicta id laudantium sit.', 0, '2019-09-24 22:09:03', '2019-09-24 22:09:03'),
(163, 68, 'Dr. Anya Kessler IV', 'Perferendis officiis quae velit. Deserunt harum corrupti quo iusto. Voluptas sit qui omnis consequuntur recusandae consectetur. Mollitia voluptas sapiente molestiae.', 0, '2019-09-24 22:09:03', '2019-09-24 22:09:03'),
(164, 42, 'Elias Ortiz Jr.', 'Impedit quibusdam fugiat odio. Animi ex praesentium quibusdam fugiat sequi blanditiis. Voluptatum commodi voluptatem rerum distinctio. Quas voluptas eligendi voluptatem illum. Consequuntur fugit eveniet natus sapiente.', 1, '2019-09-24 22:09:03', '2019-09-24 22:09:03'),
(165, 48, 'Elise Becker', 'Esse perferendis enim dolor sequi qui. Dignissimos fugiat quisquam nisi vero corporis earum. Itaque nobis voluptatum id. Amet omnis consectetur fuga nulla doloremque eius.', 4, '2019-09-24 22:09:03', '2019-09-24 22:09:03'),
(166, 49, 'Dr. Yessenia Russel MD', 'Nesciunt doloremque voluptas ut quia nesciunt. Totam culpa animi et dolorum distinctio. Omnis non expedita saepe natus.', 0, '2019-09-24 22:09:03', '2019-09-24 22:09:03'),
(167, 58, 'Dr. Olaf Strosin IV', 'Officiis ex et recusandae quos est enim numquam. Consequatur ducimus saepe magnam sed nesciunt. Accusamus iusto et ut tempora culpa qui nesciunt dolor. Totam commodi id harum nesciunt vero. Ad accusantium quasi labore pariatur.', 1, '2019-09-24 22:09:03', '2019-09-24 22:09:03'),
(168, 16, 'Mrs. Emilie Cartwright', 'Est vero nulla rerum temporibus enim et distinctio. Nobis quo nesciunt magnam fuga neque ullam. Voluptatem itaque qui voluptate beatae suscipit. Qui deserunt animi aut dolor iure delectus.', 0, '2019-09-24 22:09:03', '2019-09-24 22:09:03'),
(169, 78, 'Wayne Quitzon DDS', 'Magni ipsum quae molestias delectus cumque repellendus deleniti. Consequatur voluptatem consequatur necessitatibus inventore delectus et voluptas. Omnis unde labore id debitis mollitia.', 1, '2019-09-24 22:09:03', '2019-09-24 22:09:03'),
(170, 71, 'Lavern Bayer', 'Quis molestias dolorem dolor. Ipsa nam ipsam hic quos dignissimos eius voluptatum. Qui voluptas doloremque inventore ipsa temporibus.', 0, '2019-09-24 22:09:03', '2019-09-24 22:09:03'),
(171, 97, 'Kelsie Lynch', 'Rerum eligendi asperiores numquam mollitia voluptatem et sed. Asperiores debitis et magnam quidem aliquam sint voluptatem dolore. Dolores fugit ut porro voluptatibus aut sint libero. Provident aperiam doloremque eos.', 3, '2019-09-24 22:09:03', '2019-09-24 22:09:03'),
(172, 40, 'Vada Farrell', 'Et possimus voluptatem pariatur pariatur eos facilis culpa. Officiis occaecati labore fugit et accusamus at. Perspiciatis voluptates tenetur delectus delectus. Rem qui sit qui.', 1, '2019-09-24 22:09:03', '2019-09-24 22:09:03'),
(173, 77, 'Zachary Jones III', 'Ipsum voluptates ut aspernatur. Deserunt doloribus ut dolore fuga. Omnis magni non minus voluptas.', 4, '2019-09-24 22:09:03', '2019-09-24 22:09:03'),
(174, 91, 'Aliza Pfannerstill', 'Pariatur dolores quo perferendis suscipit quisquam necessitatibus id. Nihil accusamus perspiciatis illo distinctio consequatur. Qui cupiditate quis assumenda. Itaque et ex et neque.', 0, '2019-09-24 22:09:03', '2019-09-24 22:09:03'),
(175, 22, 'Isai Quitzon', 'In et molestiae iusto doloribus. Sed sed sunt ipsum magnam sint similique hic. Explicabo sed voluptatem in libero et voluptatem. Sunt aperiam doloribus culpa consequatur.', 3, '2019-09-24 22:09:03', '2019-09-24 22:09:03'),
(176, 18, 'Ms. Justina Walsh', 'Assumenda nesciunt consectetur harum autem. Ex similique quam in placeat aperiam. Sit quia excepturi modi asperiores ea numquam repellendus quia.', 0, '2019-09-24 22:09:03', '2019-09-24 22:09:03'),
(177, 68, 'Dr. Laverne Kunze', 'Perspiciatis similique voluptatem quod molestiae aut veniam facilis. Rerum omnis occaecati blanditiis minima dolor qui. Sint sapiente sapiente voluptas neque. Veritatis consequuntur qui quis ea.', 2, '2019-09-24 22:09:03', '2019-09-24 22:09:03'),
(178, 77, 'Jacynthe Kuhic', 'Amet non quae et ipsa voluptatum ex. Qui rerum laudantium reiciendis et nulla dolores vel.', 1, '2019-09-24 22:09:03', '2019-09-24 22:09:03'),
(179, 92, 'Micheal Raynor', 'Quo aperiam id et quae cupiditate. Quo qui consequatur hic delectus. Quasi impedit ea esse ab adipisci libero. Voluptates quod optio est explicabo.', 2, '2019-09-24 22:09:03', '2019-09-24 22:09:03'),
(180, 22, 'Louvenia Zieme', 'Sunt laudantium ut quas sint tenetur et. Aliquid consequatur pariatur ut voluptate est tenetur maiores. Quis voluptates culpa nemo nihil voluptas sunt.', 0, '2019-09-24 22:09:03', '2019-09-24 22:09:03'),
(181, 80, 'Christa Corkery', 'Quisquam nam ipsa quis. Magni et nemo fugiat et placeat vitae quasi optio. Totam et cumque doloribus maxime quia voluptas. Et nulla est eaque.', 2, '2019-09-24 22:09:03', '2019-09-24 22:09:03'),
(182, 5, 'Dolores Nicolas', 'In ullam voluptatibus iste velit voluptas molestiae magnam. Reiciendis accusantium similique qui reiciendis sint. Aut a tempore consequatur accusantium.', 5, '2019-09-24 22:09:03', '2019-09-24 22:09:03'),
(183, 78, 'Lindsay Blanda', 'Ipsum repudiandae suscipit excepturi et. Aut dicta et tenetur debitis. Dolorem qui placeat dolorum ea veritatis voluptates.', 3, '2019-09-24 22:09:03', '2019-09-24 22:09:03'),
(184, 60, 'Euna Hayes', 'Exercitationem magnam recusandae iure distinctio perspiciatis necessitatibus nisi. Et ut consequuntur nam voluptates cupiditate. Sed ipsum corrupti enim non cum.', 2, '2019-09-24 22:09:03', '2019-09-24 22:09:03'),
(185, 6, 'Timmothy Balistreri', 'Est quas eos odio rerum qui corrupti ducimus. Fugiat consequatur culpa sed sint omnis. Incidunt vel ipsam dicta nulla aspernatur molestiae.', 5, '2019-09-24 22:09:03', '2019-09-24 22:09:03'),
(186, 68, 'Lura Cassin', 'In ut beatae praesentium ut quibusdam ut ea. Similique doloremque nihil vel quo sit nam.', 5, '2019-09-24 22:09:03', '2019-09-24 22:09:03'),
(187, 46, 'Miss Burdette Weissnat PhD', 'Quaerat rerum corporis consequuntur provident corporis officia porro. Sed consequuntur ipsa accusantium. Autem dolor quam ut iure asperiores ut deserunt. Quis velit qui atque aut aut.', 2, '2019-09-24 22:09:03', '2019-09-24 22:09:03'),
(188, 74, 'Joannie Hamill', 'Incidunt quidem ratione esse maiores repellendus libero eaque aliquid. Dolorem est et quasi iusto nostrum. Fugiat repellat temporibus quod velit.', 3, '2019-09-24 22:09:03', '2019-09-24 22:09:03'),
(189, 53, 'Dagmar Shields', 'Quis officia aliquid quos tempora quisquam quasi. Provident quis ut quia quod. Est ad saepe voluptas et quibusdam. Repudiandae tempore sint nobis neque.', 2, '2019-09-24 22:09:03', '2019-09-24 22:09:03'),
(190, 57, 'Sister Predovic', 'Quas et enim quibusdam itaque. Iure sed eos blanditiis rerum reprehenderit eos hic. Aliquid rerum laudantium in nemo fuga ea quidem. Harum molestiae culpa dolores aut dolore ut. Quaerat ut iure provident exercitationem iusto quaerat.', 1, '2019-09-24 22:09:03', '2019-09-24 22:09:03'),
(191, 37, 'Britney West', 'Adipisci iure sit quod cumque error est natus. Modi nihil iure ipsum nobis eveniet ut. Maxime odit amet sit mollitia accusamus suscipit. Et ut dolores et culpa maiores hic culpa.', 2, '2019-09-24 22:09:03', '2019-09-24 22:09:03'),
(192, 89, 'Lera Lang', 'Cupiditate vel ab rerum odio laudantium vel et sequi. Eius quis rerum aut distinctio corrupti placeat sint. Reiciendis dicta velit vitae beatae voluptatem natus cum. Quas eum deleniti repudiandae a animi hic. Sint maxime et iure rem.', 4, '2019-09-24 22:09:03', '2019-09-24 22:09:03'),
(193, 61, 'Bethel Davis', 'Voluptatibus voluptatibus eligendi velit ad. Dolorum veritatis in et nostrum quibusdam id. Dolore omnis voluptas rem et modi ex consequatur.', 4, '2019-09-24 22:09:03', '2019-09-24 22:09:03'),
(194, 15, 'Isaiah Schroeder', 'Et optio harum vel iusto ea enim repellat. Libero consequatur ut vitae vel molestiae vero eius. Sapiente consectetur et et sunt.', 4, '2019-09-24 22:09:03', '2019-09-24 22:09:03'),
(195, 69, 'Garrison Quitzon', 'Molestias explicabo sit quasi veniam. Expedita aspernatur eum illo et. Qui perferendis sed aperiam eaque accusantium. Nemo sint reiciendis distinctio magnam qui quidem facere.', 5, '2019-09-24 22:09:03', '2019-09-24 22:09:03'),
(196, 88, 'Jany Murray DDS', 'Reprehenderit qui qui necessitatibus maxime dolor amet. Ut assumenda nam omnis nostrum dolore. Occaecati corrupti est animi nulla eos sed eum inventore. Cupiditate in alias sed similique.', 5, '2019-09-24 22:09:03', '2019-09-24 22:09:03'),
(197, 44, 'Giles Ebert', 'Sequi sint adipisci libero voluptatem officia placeat. Laudantium debitis vero in est animi eligendi et. In quo deleniti qui autem eligendi. Corrupti rerum odio mollitia in.', 1, '2019-09-24 22:09:03', '2019-09-24 22:09:03'),
(198, 81, 'Dr. Gust Reichel DVM', 'Ipsum dolorem omnis cupiditate voluptatem quia consequatur minus. Ut sint ut cupiditate consequatur eos enim. Ducimus consequatur sed libero ad rerum rem eum.', 3, '2019-09-24 22:09:03', '2019-09-24 22:09:03'),
(199, 91, 'Irma Kling', 'Qui incidunt non debitis sequi assumenda rem magni autem. Doloribus quia laboriosam quasi et veritatis. Exercitationem nesciunt blanditiis error amet ut et. Sunt aut quis alias sunt minima ut voluptas. Molestiae natus quasi distinctio odio.', 3, '2019-09-24 22:09:03', '2019-09-24 22:09:03'),
(200, 69, 'Zita Brown', 'Veniam dolores id eligendi corporis. Soluta repudiandae officiis molestiae dolores nisi et consequatur. Harum vitae dolor eos iure sit fugit. Accusantium voluptatem et quo consectetur est placeat aliquid voluptatem.', 1, '2019-09-24 22:09:03', '2019-09-24 22:09:03'),
(201, 48, 'Judge Hoeger', 'Dolorem illum minus incidunt eos delectus laborum sed. Sit quo cumque explicabo aperiam quo ut maiores sit.', 2, '2019-09-24 22:09:03', '2019-09-24 22:09:03'),
(202, 24, 'Cade Balistreri', 'Reprehenderit eligendi officiis dolor in sint. Et sapiente fugit et quia sunt et corrupti. Modi nesciunt quam consectetur quia. Est fugiat consectetur rem.', 0, '2019-09-24 22:09:03', '2019-09-24 22:09:03'),
(203, 92, 'Kamryn Witting', 'Repellat et omnis nobis et sapiente. Id aperiam distinctio fugiat sit. Quasi quo delectus voluptatem inventore ut ea ea et. Consequatur autem molestias veritatis quam sit.', 1, '2019-09-24 22:09:03', '2019-09-24 22:09:03'),
(204, 71, 'Ken Hessel', 'Eveniet voluptatem possimus qui nihil facilis blanditiis. Perspiciatis quo harum in eius rem. Quia dolor recusandae quia sunt eos.', 0, '2019-09-24 22:09:03', '2019-09-24 22:09:03'),
(205, 56, 'Janis Lubowitz', 'Molestiae laborum expedita veritatis est minus explicabo corporis sit. Voluptatum doloribus non veritatis nemo sunt.', 4, '2019-09-24 22:09:03', '2019-09-24 22:09:03'),
(206, 12, 'Duane Lemke', 'Mollitia corrupti tenetur modi est ipsa. Repellat laborum voluptatem quia veritatis. Quo unde sint voluptatem incidunt non. Iusto ipsum qui sed facere consequatur ratione facilis. Veritatis quidem consequuntur quos reprehenderit molestias.', 2, '2019-09-24 22:09:03', '2019-09-24 22:09:03'),
(207, 23, 'Antwon Schamberger', 'Molestiae et iusto enim facilis et iste. Quis sunt harum voluptas possimus quas itaque dolorem. Ipsam quam quaerat quaerat maxime. Et eveniet quae exercitationem temporibus ex.', 3, '2019-09-24 22:09:03', '2019-09-24 22:09:03'),
(208, 88, 'Dr. Bridget Gutkowski', 'Est totam incidunt odit iure natus. Aperiam quod illum repellendus. Rerum maxime aut hic sed nam consequuntur et. Impedit voluptatem necessitatibus illo quasi.', 1, '2019-09-24 22:09:03', '2019-09-24 22:09:03'),
(209, 35, 'Lia Mohr', 'Praesentium excepturi repudiandae officiis reiciendis quo. Provident natus accusantium est laborum. Rerum et qui dolor modi distinctio adipisci et. Odio iste et aspernatur assumenda alias vel voluptatem.', 2, '2019-09-24 22:09:03', '2019-09-24 22:09:03');
INSERT INTO `reviews` (`id`, `product_id`, `customer`, `review`, `star`, `created_at`, `updated_at`) VALUES
(210, 3, 'Nels Wyman', 'Et sit doloribus et eos. Et nisi omnis laboriosam sint molestiae consequatur sed. Accusantium doloribus illum ipsum iusto placeat animi aspernatur. Ex cupiditate autem tempore ullam. Quia consequuntur soluta alias sit itaque reprehenderit.', 0, '2019-09-24 22:09:03', '2019-09-24 22:09:03'),
(211, 66, 'Miss Kimberly Wuckert IV', 'Accusamus et quas nemo quis nisi perferendis tenetur ullam. Consequuntur velit delectus et. Quia accusamus nam explicabo et.', 0, '2019-09-24 22:09:03', '2019-09-24 22:09:03'),
(212, 96, 'Prof. Velva Rempel II', 'Dolorem commodi itaque quo aliquam sit hic. Quis fugit error aut reiciendis velit eum. Sit ducimus illum enim et et quasi voluptas ullam.', 5, '2019-09-24 22:09:03', '2019-09-24 22:09:03'),
(213, 74, 'Devante Hansen IV', 'Reiciendis sint ut et et soluta. Quod dolorem voluptate incidunt iste dolorem officiis qui. Velit voluptate non molestiae voluptates.', 5, '2019-09-24 22:09:03', '2019-09-24 22:09:03'),
(214, 94, 'Mr. Darrick Parker II', 'Ab eius incidunt et sunt labore nihil odio repudiandae. Facilis ut quia dolor. Odio laborum voluptates deserunt.', 2, '2019-09-24 22:09:03', '2019-09-24 22:09:03'),
(215, 98, 'Mercedes Stark', 'Commodi vitae nulla aut quia aut. Facere provident et totam sit. Pariatur incidunt nesciunt quidem numquam.', 3, '2019-09-24 22:09:03', '2019-09-24 22:09:03'),
(216, 86, 'Miss Hillary Fritsch II', 'Iste quia molestiae cum ut quia quos quia. Vero dolor aperiam laudantium. Sint cupiditate eligendi rem. Ducimus voluptas in est corporis voluptatem quaerat officiis perspiciatis. Debitis laudantium labore mollitia iusto.', 0, '2019-09-24 22:09:03', '2019-09-24 22:09:03'),
(217, 16, 'Rosalia Abbott', 'Quaerat magnam sed sed harum. Architecto minima aperiam nisi a nobis. In nulla et nesciunt voluptas.', 3, '2019-09-24 22:09:03', '2019-09-24 22:09:03'),
(218, 77, 'Eva Funk', 'Vero alias odio quia. Doloremque minus qui ut eligendi est officiis. Harum non consequatur asperiores non molestiae. Corrupti modi alias et ipsam tempore ipsum nihil.', 3, '2019-09-24 22:09:03', '2019-09-24 22:09:03'),
(219, 81, 'Margaret Armstrong', 'Et dicta in doloribus. Dolorem omnis dolore quia doloremque. Vero qui debitis dolor nisi incidunt deleniti fugit. Consectetur nobis aliquid similique voluptatum.', 0, '2019-09-24 22:09:03', '2019-09-24 22:09:03'),
(220, 21, 'Rhoda Moen PhD', 'Voluptas fugiat eum fuga iste id modi. Qui rerum autem facere autem et porro. Sint et ad culpa saepe voluptatem doloribus.', 3, '2019-09-24 22:09:03', '2019-09-24 22:09:03'),
(221, 30, 'Dr. Ora Bahringer PhD', 'Consequatur aut occaecati optio quidem dignissimos eum officia quo. Iste quos nobis repudiandae cumque saepe odio. Accusantium repellat alias totam. Architecto error voluptas molestias.', 2, '2019-09-24 22:09:03', '2019-09-24 22:09:03'),
(222, 79, 'Karine Kihn', 'Sapiente possimus voluptas aut dignissimos beatae saepe quo. Possimus molestiae accusantium tempora sunt delectus vero at est. Non nihil enim in nam.', 2, '2019-09-24 22:09:03', '2019-09-24 22:09:03'),
(223, 30, 'Lesly Gorczany DVM', 'Quo doloremque voluptatibus maiores dicta. Nihil autem aperiam neque. Odit qui dicta qui sed.', 0, '2019-09-24 22:09:03', '2019-09-24 22:09:03'),
(224, 89, 'Bo Parker PhD', 'Ipsum cupiditate distinctio sequi explicabo asperiores occaecati facilis. Qui molestias aut necessitatibus est consequatur et et.', 5, '2019-09-24 22:09:03', '2019-09-24 22:09:03'),
(225, 8, 'Prof. Roselyn Conn', 'Ut labore accusantium hic ab consequuntur incidunt sapiente. Sunt consequuntur perferendis culpa voluptatem officiis pariatur. Nihil maxime quae animi quia impedit unde dignissimos.', 4, '2019-09-24 22:09:03', '2019-09-24 22:09:03'),
(226, 93, 'Pinkie Farrell II', 'Architecto repellendus velit iure aut sunt. Et est molestias sed quibusdam architecto distinctio. Alias delectus est accusamus quod dolorum sapiente nihil.', 0, '2019-09-24 22:09:03', '2019-09-24 22:09:03'),
(227, 44, 'Bertha Senger', 'Sed ut aliquam quis nesciunt eum delectus a id. Qui dolor laborum ea sed alias corporis nam. Voluptas ullam est porro totam rerum.', 5, '2019-09-24 22:09:03', '2019-09-24 22:09:03'),
(228, 79, 'Monserrat Langworth', 'Quasi non neque aut repellendus molestiae sapiente. Perferendis in facere neque. Suscipit unde similique fuga et omnis nulla. Doloremque accusamus culpa ratione sint eos inventore.', 0, '2019-09-24 22:09:03', '2019-09-24 22:09:03'),
(229, 25, 'Percy Romaguera', 'Tempora similique iusto earum sunt. Eum et et cum et quis quis. Ut est dolorem assumenda fugiat officiis. Ut et est error quas.', 5, '2019-09-24 22:09:03', '2019-09-24 22:09:03'),
(230, 42, 'Carroll Douglas', 'Odit voluptatem magnam ducimus enim aut. Ea inventore velit animi. Perspiciatis voluptatem autem qui ullam. Consequatur aut harum aut eos omnis rerum qui.', 5, '2019-09-24 22:09:03', '2019-09-24 22:09:03'),
(231, 7, 'Peter Quigley', 'Quis voluptas accusantium aut dolor. Nihil molestiae in sunt perspiciatis incidunt voluptatem corrupti. Sed quod culpa sunt.', 3, '2019-09-24 22:09:03', '2019-09-24 22:09:03'),
(232, 30, 'Thora Ankunding II', 'Autem ut quis voluptas est aperiam voluptas. Praesentium assumenda ratione ipsum reprehenderit. Repellendus consequatur earum similique quam. Dolorem est laboriosam pariatur iusto et.', 3, '2019-09-24 22:09:03', '2019-09-24 22:09:03'),
(233, 70, 'Aurore Orn', 'Et quia excepturi voluptas. Labore quia aut enim totam. Asperiores itaque est iusto sint.', 1, '2019-09-24 22:09:03', '2019-09-24 22:09:03'),
(234, 56, 'Dr. Craig Kirlin V', 'Nisi aut totam tempore molestiae qui. Ab distinctio ut sed quaerat repellendus maxime quo. Et omnis maxime culpa occaecati quos. Esse maxime iste qui.', 3, '2019-09-24 22:09:03', '2019-09-24 22:09:03'),
(235, 82, 'Mrs. Kathryn Anderson', 'Earum non et consequatur voluptatem dolorum ut. Quaerat cumque et iste ea. Qui velit aut eveniet.', 4, '2019-09-24 22:09:03', '2019-09-24 22:09:03'),
(236, 29, 'Dr. Fanny Wilderman', 'Fuga voluptates in fugit occaecati minus. Porro quaerat consequatur odio fugit et quod. Molestiae labore velit corrupti ab ut. Ab ut eaque placeat eos.', 4, '2019-09-24 22:09:03', '2019-09-24 22:09:03'),
(237, 40, 'Trace Lynch', 'Deleniti atque eum dolorem dolores qui ut culpa. Facilis voluptatem ad cum nam nobis. Quia aut et corrupti illo quod id. Nobis ut quos itaque quae placeat deleniti iusto maxime.', 0, '2019-09-24 22:09:03', '2019-09-24 22:09:03'),
(238, 72, 'Robin Osinski', 'Qui officiis commodi rem est distinctio provident molestias. Ullam ipsa enim repellendus aut. Molestiae voluptatem dolores eum repellat vel iste.', 4, '2019-09-24 22:09:03', '2019-09-24 22:09:03'),
(239, 26, 'Dr. Mathias Weimann DDS', 'Itaque nesciunt et cupiditate molestiae eos illo. Consectetur temporibus vel voluptas illum explicabo minus optio libero. Quia sint ut consequatur aut. Est quaerat nam animi earum sit blanditiis maiores. Natus beatae quo et nesciunt iure necessitatibus ex.', 5, '2019-09-24 22:09:03', '2019-09-24 22:09:03'),
(240, 98, 'Franco Jenkins', 'Maiores dolor nulla molestiae voluptatum ducimus odio ea. Qui nulla quo ab voluptatem. Sint non nam ducimus.', 0, '2019-09-24 22:09:03', '2019-09-24 22:09:03'),
(241, 61, 'Dr. Gayle Murphy MD', 'Suscipit tempore et itaque. Ea impedit sed facilis non deserunt sint id. Corrupti iusto necessitatibus dolore eius.', 0, '2019-09-24 22:09:03', '2019-09-24 22:09:03'),
(242, 96, 'Kelton Schamberger', 'Ducimus veniam tempore vitae aliquam ipsam. Tempore atque dolorem rerum in excepturi facilis maxime.', 1, '2019-09-24 22:09:03', '2019-09-24 22:09:03'),
(243, 70, 'Hugh Cormier IV', 'Explicabo esse culpa maiores fugiat est non qui. Et animi officiis mollitia illum et libero laborum aut. Veritatis praesentium id nemo nostrum.', 4, '2019-09-24 22:09:03', '2019-09-24 22:09:03'),
(244, 87, 'Opal Miller', 'Quos fuga consequatur quo. Tenetur eum est dicta error. Eos at quia quisquam praesentium. Sint qui ullam autem velit et dolores.', 1, '2019-09-24 22:09:03', '2019-09-24 22:09:03'),
(245, 42, 'Cameron Hintz', 'Tempore ipsam voluptatem dolore deleniti totam. Eius iste aliquid earum mollitia iusto. Exercitationem est aperiam atque. Laborum vitae deleniti qui beatae eos.', 1, '2019-09-24 22:09:03', '2019-09-24 22:09:03'),
(246, 45, 'Domenica Schulist I', 'Rerum excepturi quasi ut minus dolor dolor dolorem. Quia iure vero ipsam placeat reprehenderit ipsam velit. Eveniet et error cupiditate.', 4, '2019-09-24 22:09:03', '2019-09-24 22:09:03'),
(247, 59, 'Hulda Daniel', 'Veniam debitis dolorum tempora placeat eos itaque. Ut non voluptas enim culpa. Odit qui et reprehenderit adipisci. Nisi iure suscipit ea maiores nesciunt.', 1, '2019-09-24 22:09:03', '2019-09-24 22:09:03'),
(248, 37, 'Jean Leuschke', 'Rerum aut quae eligendi eum libero. Nam corporis et facilis distinctio placeat et. Provident necessitatibus et quo ipsam. Asperiores non veniam mollitia ut aut.', 0, '2019-09-24 22:09:03', '2019-09-24 22:09:03'),
(249, 76, 'Mr. Emiliano Krajcik IV', 'Doloribus perferendis incidunt repellendus dolore vero. Nesciunt ea asperiores doloremque et ea molestiae beatae quia. Enim dicta rerum aut soluta.', 1, '2019-09-24 22:09:03', '2019-09-24 22:09:03'),
(250, 21, 'Dulce Wilderman', 'Quo ratione minus omnis est eos accusantium. Autem quis et voluptatem eveniet culpa laboriosam est quidem. Reprehenderit beatae quae nesciunt aut ratione ipsa soluta.', 4, '2019-09-24 22:09:03', '2019-09-24 22:09:03'),
(251, 29, 'Mrs. Jeanette Smitham', 'Dolor quis aut non nostrum qui dolorum. Laborum vel vero inventore officia vitae impedit quam. Rerum facilis autem sapiente deleniti. Qui animi corrupti modi officia ad a.', 1, '2019-09-24 22:09:03', '2019-09-24 22:09:03'),
(252, 85, 'Lisa Zboncak V', 'Laudantium enim id sequi debitis fugiat. Nobis nemo at eveniet. Omnis amet non reiciendis id et maiores explicabo. Aliquam at amet qui ipsa deserunt sequi.', 2, '2019-09-24 22:09:03', '2019-09-24 22:09:03'),
(253, 43, 'Dr. Lyric Paucek', 'Excepturi voluptas unde ipsum expedita commodi. Corporis animi totam voluptates ea illum at officia nesciunt. Porro quia qui ipsa rem consequatur voluptate ducimus animi. Consequatur deserunt qui sequi et.', 1, '2019-09-24 22:09:03', '2019-09-24 22:09:03'),
(254, 54, 'Sheridan Senger', 'Minus reprehenderit corporis sed aut blanditiis. Corrupti ad sequi tenetur neque. Earum rerum laudantium aspernatur ut inventore qui.', 3, '2019-09-24 22:09:03', '2019-09-24 22:09:03'),
(255, 87, 'Floy Graham', 'Occaecati sed sed magnam velit praesentium et molestias. Nulla esse mollitia est vero voluptas est. Cumque ea eligendi sit assumenda sit culpa nobis. Minus exercitationem doloremque unde eligendi.', 4, '2019-09-24 22:09:03', '2019-09-24 22:09:03'),
(256, 84, 'Freeda Kessler PhD', 'Nihil ea ullam quia deleniti aliquid quas sunt. Eum officiis doloribus nulla ut. Rerum corporis aut ex. Sunt deleniti ipsum odio iusto natus aut.', 0, '2019-09-24 22:09:03', '2019-09-24 22:09:03'),
(257, 21, 'Raegan Weimann', 'Temporibus magni ducimus voluptates fugiat animi ut rerum sapiente. Atque delectus numquam itaque ut aut assumenda libero. Accusantium ea aperiam temporibus repudiandae aut. Autem dicta perspiciatis aut sequi.', 5, '2019-09-24 22:09:03', '2019-09-24 22:09:03'),
(258, 62, 'Adah Reichert', 'Laboriosam culpa quia sint modi. Praesentium non at aliquid suscipit nihil dolores voluptatem. Cumque inventore similique dolorem.', 0, '2019-09-24 22:09:03', '2019-09-24 22:09:03'),
(259, 99, 'Jeremy Bayer', 'Excepturi et exercitationem non alias doloremque perspiciatis eum ullam. Est delectus quae iste mollitia sit. Quia enim aut veniam vel laudantium. Magni dolorem dolorem beatae qui amet.', 5, '2019-09-24 22:09:03', '2019-09-24 22:09:03'),
(260, 77, 'Braeden Sauer', 'Quisquam exercitationem itaque maiores ducimus odio officia incidunt. Repellat ut sunt alias aut voluptas animi eum. Nam ad asperiores natus voluptatem.', 0, '2019-09-24 22:09:03', '2019-09-24 22:09:03'),
(261, 76, 'Saul Schaden', 'Voluptas exercitationem ut et. Voluptas culpa provident perspiciatis consequatur. Nesciunt aut perferendis ut error et sint ad illo.', 1, '2019-09-24 22:09:03', '2019-09-24 22:09:03'),
(262, 21, 'Prof. Ivy Wiza', 'Dolores quas fugit perferendis nesciunt et rerum sed. Voluptatem fugiat dolorum reprehenderit. Placeat error et cumque vero ullam asperiores. Pariatur aperiam ut laboriosam laudantium.', 0, '2019-09-24 22:09:03', '2019-09-24 22:09:03'),
(263, 11, 'Mr. Haskell Hermann I', 'Placeat quod porro tempora soluta iste qui nemo. Et perferendis harum ea expedita sed. Laudantium ducimus amet eos corrupti. Occaecati tenetur dolorum et quasi et totam. Ad minus modi quam architecto veniam cupiditate modi.', 1, '2019-09-24 22:09:03', '2019-09-24 22:09:03'),
(264, 3, 'Jairo Hermann', 'Alias et quasi iure voluptas. Nostrum assumenda sint necessitatibus accusantium et voluptatum. Et voluptatem eius ipsam voluptatibus. Dolorum nihil ut dolore deserunt illo rerum.', 3, '2019-09-24 22:09:03', '2019-09-24 22:09:03'),
(265, 66, 'Ms. Nola Reilly', 'Voluptatibus quis ullam fuga omnis omnis. Qui vero quis ipsa quidem exercitationem. Aut voluptas accusantium molestias ipsa. Nostrum quisquam doloremque animi.', 5, '2019-09-24 22:09:03', '2019-09-24 22:09:03'),
(266, 26, 'Arvilla Strosin', 'Occaecati hic asperiores et vero et ipsam. Consectetur voluptatem et doloremque non suscipit iure. Qui rerum at perspiciatis sapiente sint cupiditate. Velit nihil repellendus dolores sunt ut sed non.', 3, '2019-09-24 22:09:03', '2019-09-24 22:09:03'),
(267, 73, 'Ms. Mathilde Bailey', 'A eaque rerum consequatur nulla sit voluptatem quis. Veritatis quis delectus sed et illum. Veniam ut vel sunt voluptatum. Beatae ut esse voluptates sed est quibusdam.', 3, '2019-09-24 22:09:03', '2019-09-24 22:09:03'),
(268, 94, 'Gennaro Runolfsdottir', 'Voluptatem et earum sed est quam architecto quo. Quo harum rem architecto totam reprehenderit. Impedit neque ut magnam inventore in.', 0, '2019-09-24 22:09:03', '2019-09-24 22:09:03'),
(269, 45, 'Violet Friesen', 'Tenetur ea sed dolores voluptas qui inventore. Minus quia blanditiis ab voluptatibus et. Voluptas vitae atque amet aut. Odit impedit consequatur totam at fuga provident eos mollitia.', 3, '2019-09-24 22:09:03', '2019-09-24 22:09:03'),
(270, 94, 'Evelyn Beahan', 'Porro totam voluptas asperiores omnis eos occaecati laudantium quaerat. Quae distinctio quasi ut voluptas esse et. Eos nesciunt eaque nostrum quam. Eius dolor eaque aliquam qui.', 1, '2019-09-24 22:09:03', '2019-09-24 22:09:03'),
(271, 55, 'Rafael Murphy', 'Corporis dolorem porro voluptas omnis maxime veritatis corrupti id. Veritatis labore non ab incidunt.', 2, '2019-09-24 22:09:03', '2019-09-24 22:09:03'),
(272, 4, 'Kristina McLaughlin', 'Modi consequuntur minima aperiam est aliquam autem sint molestias. Et optio commodi minus voluptas eum at qui. Nam voluptas alias sint itaque perferendis. Ipsa placeat non ut nisi ut quis aperiam. Tenetur vel unde est architecto architecto qui.', 0, '2019-09-24 22:09:03', '2019-09-24 22:09:03'),
(273, 31, 'Derrick Emard', 'Et velit ipsum in ad. Similique explicabo accusamus facere sequi sed. Eos nesciunt voluptatem aperiam inventore quo cum. Voluptas rerum eum assumenda aut dolore et.', 0, '2019-09-24 22:09:03', '2019-09-24 22:09:03'),
(274, 94, 'Travon Bartoletti', 'Dolor velit fugiat unde vero perferendis quia. Consequatur fugit accusamus magni officiis nihil necessitatibus. Dolor ea blanditiis voluptatem.', 0, '2019-09-24 22:09:03', '2019-09-24 22:09:03'),
(275, 92, 'Mr. Devyn Effertz', 'Enim iure voluptatum at aliquam id. Ut error ut omnis perferendis aliquid. Placeat vero explicabo animi perferendis.', 3, '2019-09-24 22:09:03', '2019-09-24 22:09:03'),
(276, 93, 'Madelyn Boehm', 'Voluptas qui ut consequatur illo. Optio est sapiente necessitatibus impedit in. Dicta et excepturi et in tempora ut assumenda doloribus.', 3, '2019-09-24 22:09:03', '2019-09-24 22:09:03'),
(277, 20, 'Blaise Schumm', 'Iste deserunt est et dignissimos et. Natus enim qui magni alias architecto quod non. Corrupti nihil saepe minima laborum harum nesciunt iusto.', 5, '2019-09-24 22:09:03', '2019-09-24 22:09:03'),
(278, 17, 'Eudora Schoen', 'Libero corporis nostrum facere. Minima necessitatibus aut iure quasi blanditiis. Consequuntur necessitatibus facilis sit placeat.', 1, '2019-09-24 22:09:03', '2019-09-24 22:09:03'),
(279, 80, 'Mr. Evan Mitchell', 'Dolorem officiis qui est magni quas. Illo ipsam facere enim qui eos ex. Qui fuga commodi minima aut ut. Est placeat voluptatibus deleniti enim.', 3, '2019-09-24 22:09:03', '2019-09-24 22:09:03'),
(280, 76, 'Nico Kessler', 'Iure odio est qui repudiandae recusandae et voluptas. Repellendus odio quas eum rerum fugit. Libero aut quas molestiae aut numquam nihil voluptas. Autem consectetur suscipit nisi reprehenderit asperiores.', 0, '2019-09-24 22:09:03', '2019-09-24 22:09:03'),
(281, 28, 'Kobe Jerde', 'Laboriosam molestiae dolores in est maiores officia ut. Vitae ex qui incidunt omnis deserunt porro laudantium. Ut commodi adipisci explicabo aut.', 5, '2019-09-24 22:09:03', '2019-09-24 22:09:03'),
(282, 1, 'Prof. Collin Bosco', 'Consequatur fuga placeat neque sunt. Labore vero assumenda autem magni quaerat minima commodi ipsam. Non qui deleniti facilis cupiditate labore. Et qui enim quae omnis sunt cum.', 3, '2019-09-24 22:09:03', '2019-09-24 22:09:03'),
(283, 29, 'Dr. Eloy Gusikowski', 'Nobis laudantium sapiente et quia animi enim. Quia architecto velit voluptatem natus nisi culpa. Eius vitae enim molestiae. Voluptatum et dicta esse voluptate fuga.', 3, '2019-09-24 22:09:03', '2019-09-24 22:09:03'),
(284, 10, 'Lavern Kunze', 'Explicabo voluptate enim dignissimos dolor maiores quia. Est recusandae repudiandae similique maiores minus eaque tempora. Cupiditate ea similique corrupti eius quasi molestiae ut. Debitis debitis non voluptatum. Ut rerum libero optio et veritatis velit suscipit.', 5, '2019-09-24 22:09:03', '2019-09-24 22:09:03'),
(285, 99, 'Eloy Olson', 'Eum eos velit incidunt sequi quos maiores ut. Quia et a omnis labore ut qui. Aspernatur adipisci iure est nisi. Harum nihil molestias itaque nihil eos.', 2, '2019-09-24 22:09:03', '2019-09-24 22:09:03'),
(286, 99, 'Neal Ondricka MD', 'Sit omnis error qui reprehenderit corporis. Quis cumque laudantium voluptas.', 2, '2019-09-24 22:09:03', '2019-09-24 22:09:03'),
(287, 39, 'Lura Bogan', 'Quae est qui dolorem officiis dolor ut. Sed molestiae provident voluptas et in optio incidunt. Aut impedit quisquam excepturi sit. Maiores occaecati dolores saepe facere et.', 1, '2019-09-24 22:09:03', '2019-09-24 22:09:03'),
(288, 45, 'Griffin Runolfsdottir PhD', 'Fugiat aspernatur vero quo facere. Esse qui dolorem enim. Ut hic quis consequatur ut neque aut molestiae. Autem et et maxime corporis.', 0, '2019-09-24 22:09:03', '2019-09-24 22:09:03'),
(289, 53, 'Dr. Cathrine Purdy', 'Hic doloremque itaque voluptatem amet voluptatem. Corporis nam facere quidem. Illum voluptas id occaecati et.', 1, '2019-09-24 22:09:03', '2019-09-24 22:09:03'),
(290, 86, 'Monique Botsford', 'Alias in nihil sit inventore veniam aut totam. Omnis doloribus numquam reiciendis molestiae officia. Vero suscipit est unde dolorem sequi nobis consequatur.', 5, '2019-09-24 22:09:03', '2019-09-24 22:09:03'),
(291, 34, 'Liana Borer', 'Et et eaque fugit asperiores amet quis nihil. Cupiditate nihil molestias minus nihil in culpa dolor. Amet optio est et repellat aut numquam quaerat.', 5, '2019-09-24 22:09:03', '2019-09-24 22:09:03'),
(292, 25, 'Bennett Pouros', 'Rerum et incidunt ut accusantium. Mollitia iste autem dolorum tenetur ex tenetur. Quos esse enim et odit dolor fugit quia. Corporis incidunt nisi hic.', 2, '2019-09-24 22:09:03', '2019-09-24 22:09:03'),
(293, 47, 'Willa Rohan', 'Quo repellendus fugiat ex cupiditate. Eum voluptatum error non suscipit voluptas. Tempora et est dolores possimus reprehenderit quos consequatur.', 1, '2019-09-24 22:09:03', '2019-09-24 22:09:03'),
(294, 24, 'Tyrel Johnson', 'Ipsum itaque qui consequatur hic rerum inventore. Modi beatae et natus qui repellendus quod. Ipsum minus ea eos excepturi minima tempore sequi minus. Provident sed totam fuga accusamus.', 0, '2019-09-24 22:09:03', '2019-09-24 22:09:03'),
(295, 74, 'Prof. Flavio Little Jr.', 'Mollitia consequatur at iusto ut. Aut aut velit et earum neque ut. Aut ut aut illum aliquam et.', 4, '2019-09-24 22:09:03', '2019-09-24 22:09:03'),
(296, 99, 'Isabelle Schulist', 'Fugit labore repudiandae earum voluptas voluptates non non. Et fugiat ex eos incidunt voluptates quisquam in. Necessitatibus minima ut explicabo cum excepturi hic.', 3, '2019-09-24 22:09:03', '2019-09-24 22:09:03'),
(297, 1, 'Prof. Enid Moore', 'Tempore nesciunt laudantium mollitia. Dolorem ea tempore vero voluptas quo. Numquam beatae officiis nemo saepe odio.', 5, '2019-09-24 22:09:03', '2019-09-24 22:09:03'),
(298, 25, 'Daryl Schumm', 'Quia molestiae id officia non corporis voluptas temporibus. Enim nostrum doloribus illum consequuntur qui ut ipsam veritatis. Ratione sed omnis repellat.', 1, '2019-09-24 22:09:03', '2019-09-24 22:09:03'),
(299, 27, 'Jameson Conn', 'Magni similique explicabo esse velit quasi. Libero tempora nulla omnis sed voluptatem impedit. Ut aut eum fugiat ipsum corporis optio. Dolore ut corrupti placeat et provident facere.', 1, '2019-09-24 22:09:03', '2019-09-24 22:09:03'),
(300, 100, 'Sylvester Bernhard', 'Sint iure possimus consequatur. Quo tempore recusandae consequatur qui officiis est. Dolor officiis enim dolores et ut. Voluptas illo recusandae molestiae tenetur.', 4, '2019-09-24 22:09:03', '2019-09-24 22:09:03');

-- --------------------------------------------------------

--
-- Table structure for table `users`
--

CREATE TABLE `users` (
  `id` bigint(20) UNSIGNED NOT NULL,
  `name` varchar(191) COLLATE utf8mb4_unicode_ci NOT NULL,
  `email` varchar(191) COLLATE utf8mb4_unicode_ci NOT NULL,
  `email_verified_at` timestamp NULL DEFAULT NULL,
  `password` varchar(191) COLLATE utf8mb4_unicode_ci NOT NULL,
  `remember_token` varchar(100) COLLATE utf8mb4_unicode_ci DEFAULT NULL,
  `created_at` timestamp NULL DEFAULT NULL,
  `updated_at` timestamp NULL DEFAULT NULL
) ENGINE=InnoDB DEFAULT CHARSET=utf8mb4 COLLATE=utf8mb4_unicode_ci;

--
-- Indexes for dumped tables
--

--
-- Indexes for table `migrations`
--
ALTER TABLE `migrations`
  ADD PRIMARY KEY (`id`);

--
-- Indexes for table `password_resets`
--
ALTER TABLE `password_resets`
  ADD KEY `password_resets_email_index` (`email`);

--
-- Indexes for table `products`
--
ALTER TABLE `products`
  ADD PRIMARY KEY (`id`);

--
-- Indexes for table `reviews`
--
ALTER TABLE `reviews`
  ADD PRIMARY KEY (`id`),
  ADD KEY `reviews_product_id_index` (`product_id`);

--
-- Indexes for table `users`
--
ALTER TABLE `users`
  ADD PRIMARY KEY (`id`),
  ADD UNIQUE KEY `users_email_unique` (`email`);

--
-- AUTO_INCREMENT for dumped tables
--

--
-- AUTO_INCREMENT for table `migrations`
--
ALTER TABLE `migrations`
  MODIFY `id` int(10) UNSIGNED NOT NULL AUTO_INCREMENT, AUTO_INCREMENT=11;

--
-- AUTO_INCREMENT for table `products`
--
ALTER TABLE `products`
  MODIFY `id` bigint(20) UNSIGNED NOT NULL AUTO_INCREMENT, AUTO_INCREMENT=101;

--
-- AUTO_INCREMENT for table `reviews`
--
ALTER TABLE `reviews`
  MODIFY `id` bigint(20) UNSIGNED NOT NULL AUTO_INCREMENT, AUTO_INCREMENT=301;

--
-- AUTO_INCREMENT for table `users`
--
ALTER TABLE `users`
  MODIFY `id` bigint(20) UNSIGNED NOT NULL AUTO_INCREMENT;

--
-- Constraints for dumped tables
--

--
-- Constraints for table `reviews`
--
ALTER TABLE `reviews`
  ADD CONSTRAINT `reviews_product_id_foreign` FOREIGN KEY (`product_id`) REFERENCES `products` (`id`) ON DELETE CASCADE;
COMMIT;

/*!40101 SET CHARACTER_SET_CLIENT=@OLD_CHARACTER_SET_CLIENT */;
/*!40101 SET CHARACTER_SET_RESULTS=@OLD_CHARACTER_SET_RESULTS */;
/*!40101 SET COLLATION_CONNECTION=@OLD_COLLATION_CONNECTION */;
